video_name,hip_min,hip_max,hip_rom,hip_speed,knee_min,knee_max,knee_rom,knee_speed,torso_peak
Squat_Side_View.mp4,75.82604782019585,178.35280786103385,102.40208262976928,189.71557146459196,70.48823697697294,178.03807566038068,107.54983868340774,180.80554510306288,150.69886610883717
Squat_Side_View.mp4,74.97083799577564,174.46646704051938,99.25133098703267,223.3861199719315,70.42781035750959,175.8457673400154,105.41795698250583,225.68539523942084,156.11430754195243
