video_name,hip_rom,knee_rom,torso_stability,heel_instability,toe_instability,knee_min_angle,hip_min_angle,torso_lean_peak,torso_lean_mean,descent_frames,ascent_frames,descent_ascent_ratio,knee_over_toe_mean,knee_over_toe_max,hip_below_knee_frac,squat_depth,lumbar_flexion,forward_lean,descent_control,ascent_sticking,foot_stability
1.0,51.51737800902012,44.145582936762665,1.4378150564062049,0.927135429299896,1.2617284672191225,72.6446819220105,79.83577481611854,19.99944121185073,17.161406560656168,2.0,31.0,0.0645161269510926,-0.5267599401216656,-0.4011495945948108,0.0,1,1,0,0,0,0
2.0,108.02332523902729,107.65777991781825,4.611740305713384,0.5866593844051151,0.8960712564252917,51.18694814111545,61.598365411643655,22.94248763646216,17.02470010079016,39.0,28.0,1.3928570931122466,-0.6038624740905586,-0.3215449702606873,0.25,2,0,0,2,0,0
3.0,27.033385045648785,34.025897312854866,4.279053351110935,0.5759723809365832,0.9611714230055032,55.94618561708474,96.81279093205346,6.682810723686424,5.555071969671594,44.0,43.0,1.0232557901568422,-0.8559655985852443,-0.8076981104323019,0.0,2,0,0,0,0,0
4.0,60.00611716340789,54.652054727719474,3.9177869482212775,1.0816239621189023,0.8411400892327833,90.59708567429844,76.86908809278178,32.33648916184463,27.26104450673641,46.0,31.0,1.4838709198751316,-0.3731823377266525,-0.1860780368526564,0.0,1,1,0,0,0,0
5.0,69.42281141402142,70.24611822022169,4.693203175552355,1.5071445329923894,0.6261598790394278,63.82787129427072,78.73041829065511,18.80017865335496,14.578251761967238,3.0,25.0,0.1199999952000001,-0.5749547775567572,-0.2818170281529139,0.0,1,0,0,1,0,0
6.0,66.19371887875477,73.12223056759763,0.9999821755867192,1.4497420877451894,0.913008622345506,44.3980480397237,66.75015017750772,14.554185248698872,12.935234780736586,45.0,29.0,1.5517240844233071,-0.6251386769908116,-0.3747362932554534,0.3333333333333333,2,2,0,0,0,0
7.0,67.59525511696307,83.15685998985974,2.8965534146062213,1.706214731711392,1.6479524555762033,57.73848168732765,90.42644704854553,7.220251671002204,5.126307735428289,29.0,30.0,0.9666666344444454,-0.5975752394658775,-0.4115866200605158,0.0,2,0,0,0,0,0
8.0,38.818313470381625,49.12028557638261,0.8850543575607035,0.6139661347221849,0.976432519833405,60.44003059274464,80.09659440351392,18.26583148457056,15.262528408208643,11.0,31.0,0.3548386982310097,-0.6933185410231508,-0.4307393162930269,0.0,1,0,0,0,0,0
9.0,41.64886207572333,47.44785324667562,1.757414861573495,0.6242552019563026,1.2400514024790874,59.899307929290174,79.05621182306159,16.912616450428928,15.091462289670634,60.0,32.0,1.874999941406252,-0.671529352990828,-0.4861923816382364,0.0,1,0,0,0,0,0
10.0,49.429885702687045,53.96907692900899,1.5193333953784984,1.0821353440482373,1.3147111053310916,58.59412255181709,77.83365126221793,15.16272771523517,14.220603651649803,60.0,32.0,1.874999941406252,-0.678031857067083,-0.4442746753251855,0.0,1,0,0,0,0,0
11.0,39.56280885782462,42.7418452556574,0.9348077190205036,1.0530685381597822,1.6266919060152978,76.94138033053336,86.38800956243952,20.39161563556144,19.582216860466737,10.0,30.0,0.3333333222222225,-0.6174635222468214,-0.396256151191078,0.0,1,0,0,0,0,0
12.0,58.4587814205056,65.59092184439596,1.556721313004064,1.5896603736870238,1.4918541020682634,76.5809250772272,84.31275955862492,22.905863455296327,21.20269252820318,60.0,28.0,2.1428570663265334,-0.5832673129703925,-0.2259236211204325,0.0,1,0,0,0,0,0
13.0,41.703807414832255,45.757596510133936,0.7283419038146381,0.9316564599229706,0.905323859667499,69.45313400385854,79.47044728215806,20.03214531246902,19.29944227135224,3.0,35.0,0.0857142832653062,-0.6244345337843009,-0.4131849636845116,0.0,1,0,0,0,0,0
14.0,37.33581571691005,68.14058803758329,3.135440502668291,0.8999508479921982,2.732772317585536,66.63515990874114,121.3130308982789,9.178683320163303,7.066363297188211,36.0,28.0,1.28571423979592,-0.6798252959471287,-0.4343760692604493,0.0,0,0,0,0,0,2
15.0,33.95665372928946,59.83656119401692,0.9477718762477608,1.2846029443447444,2.203824089550478,76.97900830501649,128.40906762919778,6.902587802667884,4.796940240979755,36.0,26.0,1.3846153313609488,-0.6089069749668174,-0.3392318199114183,0.0,0,0,0,0,0,1
16.0,32.347730807217886,58.77933712106369,1.1253683937809624,1.1223627213511946,2.273310175759111,74.09090824948714,126.00878708948906,7.5398084336814435,5.70957837144086,41.0,25.0,1.6399999344000025,-0.613990364732558,-0.3315310348167363,0.0,0,0,0,0,0,1
17.0,30.76699289919577,73.71222690184113,1.6912211444247334,1.4419175297884883,0.9933806340711452,61.23284101546109,126.8031286877854,7.383988166175829,6.185725992328631,36.0,1.0,35.999964000036,-0.6244038262684292,-0.3988884195167428,0.0,0,0,0,0,0,2
18.0,31.40894440490676,69.49660975740309,2.8432178559791126,1.724052287780185,0.7246750862220835,72.5276295451311,127.53856120307884,8.082723845766433,6.412526375478793,38.0,23.0,1.652173841209833,-0.5749560183200288,-0.2533800704212706,0.0,0,0,0,0,0,2
19.0,28.764837414933083,56.79297184129938,1.6671790951105712,1.6518433627810036,1.3498800630609202,86.75799497463971,132.49689249843374,7.752539514729732,6.282343234602874,35.0,24.0,1.458333272569447,-0.550468384378444,-0.2704221182043272,0.0,0,0,0,0,0,2
20.0,29.300658308308968,31.67458614617448,1.1043017979452934,0.6959093241987877,1.170739502336266,51.2278698442222,79.63876583423702,12.8672287350302,11.653111063761791,3.0,41.0,0.0731707299226651,-0.756805222424545,-0.6698060042478671,0.0,2,0,0,0,0,0
21.0,26.41874465806339,30.286950139171267,1.55989120556106,0.5356414364622757,0.6713713469462972,55.06120971227111,84.21038758210328,11.601648096416705,11.192691437591511,44.0,7.0,6.28571338775523,-0.761731970457872,-0.7395771071221333,0.0,2,0,0,0,0,0
22.0,15.22099177285864,13.175512559596768,2.5356449263957463,0.895552609174139,1.1002168528340377,56.50466513301376,81.78985442978004,12.470576659232735,11.785854061634687,10.0,5.0,1.99999960000008,-0.7668111863526432,-0.7063530358567711,0.0,2,0,0,0,0,0
23.0,21.280466207298275,23.999846642308768,3.83066333123523,0.8204183109991382,1.0185477843841697,55.94312264717969,71.54935752697128,23.70682209143256,22.721519736371768,16.0,4.0,3.99999900000025,-0.7258020217830379,-0.6488682781932463,0.0,2,0,0,0,0,0
24.0,58.1186458797378,55.272722035689085,0.8816787708806871,0.6609015992453017,0.8502563883549319,56.13307417014879,71.79690729259083,22.13093729292256,20.21939769450795,44.0,3.0,14.666661777779408,-0.7478305839179202,-0.6558191672342403,0.0,2,0,0,0,0,0
25.0,17.772497608509383,17.723997847671342,4.456134031447095,0.7902525557362503,0.7685327728906184,58.21358175140692,71.34570294188822,22.87046700674397,22.269839182698053,12.0,42.0,0.2857142789115648,-0.6899705691373881,-0.6185201878198675,0.0,2,0,0,0,0,1
26.0,66.89247830288404,68.62630981151621,2.54195371697083,1.524849078819163,1.9920716401197995,82.27512325858514,90.52389576006884,18.16209596429801,15.24183911589366,32.0,34.0,0.9411764429065752,-0.545052366921009,-0.3661256265569748,0.0,0,0,0,0,0,0
27.0,51.40949726002066,52.996042499045856,2.4496805096969583,1.5047060370742278,1.4984757068931025,78.63071120052571,85.96856728633438,18.18926086404672,16.529806137881078,38.0,33.0,1.1515151166207542,-0.5597533158956216,-0.2978669597221148,0.0,0,0,0,0,0,0
28.0,51.271697298080994,52.62274417292777,1.3224120085824622,1.4903105785228734,1.7940330245396277,74.44239075477192,83.0555645319507,17.03945864716095,15.02411356320778,3.0,33.0,0.09090908815427,-0.5649560212961996,-0.3748023191359202,0.0,1,0,0,0,0,0
29.0,49.84665952815314,55.50285878548529,2.67509798450596,1.5467548445552064,0.6644936216269348,83.17020707595633,94.5265596765698,17.923556619043175,16.111447720115976,35.0,34.0,1.0294117344290667,-0.5377789543741235,-0.3096905533467315,0.0,0,0,0,0,0,0
30.0,41.95554989340643,45.76754531215364,2.355592562288084,1.083365211408187,0.7198445820100107,96.31100153008832,102.7836650853732,17.414389531183243,15.289264786959183,37.0,29.0,1.275862024970275,-0.4507782898950156,-0.2192994856372803,0.0,0,0,0,0,0,0
31.0,34.13008393575487,38.530721492360186,2.382845860287605,1.3965859892671213,1.4505295842198105,94.04352630920968,103.9961568922252,16.735211898024144,15.35141401351794,4.0,35.0,0.1142857110204082,-0.500512470065146,-0.3253090754266914,0.0,0,0,0,0,0,0
32.0,36.4682916678418,32.42901734056633,1.2378828629760357,1.1907653995435454,3.3611844478190167,48.87901654487558,60.44777017956936,20.432163283548046,18.63585161272341,43.0,36.0,1.194444411265433,-0.6689942090561741,-0.6226156071959373,0.6388888888888888,2,1,0,0,0,0
33.0,45.3624735557104,42.72491226216391,2.8665830233931104,1.22412937638193,3.537790672208357,49.80036806062392,58.43542861549339,20.85369188120377,18.80826570698689,44.0,36.0,1.222222188271606,-0.6661462446077339,-0.629643669458228,0.6388888888888888,2,0,0,0,0,0
34.0,63.82346537103218,58.632384582555865,1.9677888737466611,1.059472920275918,3.5634201551719302,50.32879085466515,60.401314616898894,21.877806428411365,18.68054960858568,3.0,34.0,0.0882352915224914,-0.6672015915519374,-0.5025188052742441,0.6111111111111112,2,0,0,0,0,0
35.0,41.35082994414502,38.555361711140975,1.145125733777729,1.0724534126396958,0.970369050501884,63.32427117958224,61.86602005176883,30.5325659543724,28.028996894484493,40.0,2.0,19.999990000005,-0.6107819444761652,-0.5392782761634135,0.0,1,0,0,0,0,0
36.0,58.98033068897141,55.99653549605088,2.4056681334550425,1.6895678625185493,0.5416070019597053,68.80978800985139,65.17855977695925,31.3125581593761,27.53879214620165,39.0,33.0,1.1818181460055108,-0.5640912991480442,-0.3305915396217893,0.0,1,0,0,0,0,0
37.0,59.825981453743154,55.643735375637135,3.0214601087557487,0.7995053186751409,0.6285502613831548,64.25538897777267,78.67883277078074,20.19068802359309,15.393676186224395,42.0,35.0,1.1999999657142868,-0.6889267948377265,-0.4831848328053595,0.0,0,0,0,0,0,0
38.0,54.41684250427883,49.04429141062136,2.653965018186744,0.5947413540859884,1.787472400227654,63.70157253682893,71.11321905827492,18.78579194657873,16.88288343523552,47.0,34.0,1.3823529005190325,-0.6266876169608326,-0.4904658514842638,0.1388888888888889,1,0,0,0,0,0
39.0,59.59162333370787,58.46450176298292,1.889618263173106,0.92893251556694,1.83595437035253,68.26344460761312,75.65031396857478,21.580796645204348,18.69685016019082,2.0,35.0,0.0571428555102041,-0.6338288572564854,-0.3382102978826287,0.0,0,0,0,0,0,0
40.0,52.818667054529385,54.10546767487101,3.5880755545408767,0.9663478959955294,0.535459232499409,68.95588626533169,81.8304265896762,20.38974093295153,17.014910158143007,3.0,35.0,0.0857142832653062,-0.6136887994591335,-0.3325234371961155,0.0,1,0,0,0,0,0
41.0,53.50794466492992,56.23702356365224,2.202057012063793,1.0742485924495029,0.8222090828866374,78.53097371346279,89.38942701112397,20.92662259303801,17.78437387885432,2.0,31.0,0.0645161269510926,-0.5752102705599951,-0.2155612686021142,0.0,1,0,0,0,0,0
42.0,104.1747497774074,109.00346952842618,1.720595926849501,0.8736375984552289,1.9795174187684088,60.43514219865419,70.78642741550384,15.66625867870916,12.559963859851107,24.0,26.0,0.9230768875739658,-0.6072780429866262,-0.1730398827920315,0.2222222222222222,2,0,0,1,0,0
43.0,101.38425757460035,105.0609413637524,2.053166332545098,1.038862019426766,1.457295927439114,63.217595955495895,73.98284330314475,16.63598696696007,12.683743827522663,21.0,22.0,0.9545454111570268,-0.6204056679150328,-0.1874528517977698,0.1388888888888889,2,0,0,1,0,0
44.0,100.76996990442616,98.37247039336818,2.686767387734143,0.9931524831057664,1.6824049919161843,62.58734783052925,70.7089923688928,16.006281734516406,12.935823837893388,30.0,24.0,1.2499999479166688,-0.636370340481887,-0.1722431886711516,0.1944444444444444,2,0,0,1,0,0
45.0,86.4437855165795,87.81346127827494,2.293197888654062,0.8247930504282557,1.328863172313158,73.86767781631404,80.09710452404842,18.33952519752863,14.362424673626087,24.0,23.0,1.0434782155009472,-0.4309507205283689,-0.1192616387471759,0.0,1,0,0,0,0,0
46.0,80.57317499131598,78.47412881943276,3.7186507597831833,1.005011077313238,1.142355448915942,78.89814384608164,84.41726632922222,17.952285638265796,13.149872005474164,25.0,21.0,1.1904761337868508,-0.4371039942162842,-0.130571587563628,0.0,1,0,0,0,0,0
47.0,78.30452838869091,77.24958524145114,3.83655379046722,1.1604233567797209,1.2441308104012636,82.47961232465497,91.806959633738,16.404996999266174,11.452081651252485,26.0,20.0,1.299999935000003,-0.4444549724150063,-0.1249246077601309,0.0,1,0,0,0,0,0
48.0,106.89925481155086,112.92388899814304,1.377743226537181,0.7357622568885122,0.984385039226769,50.65909527458353,59.91960848132413,22.34159899923253,18.17530198048177,26.0,28.0,0.9285713954081644,-0.5911237472777213,-0.2664236541669137,0.3055555555555556,2,0,0,2,0,0
49.0,110.68643040055076,116.94119646173472,1.3621988312012767,0.9264710217145632,0.987680813779674,49.94721361273062,59.28850909200799,22.198816892282125,17.537259809434378,22.0,28.0,0.7857142576530622,-0.5765270918208464,-0.2473293981682848,0.2777777777777778,2,0,0,2,0,0
50.0,110.80637861831816,107.32611093242188,1.6117769233594017,0.6613560150721228,0.8918127800689957,57.68572144401345,52.9086314397473,30.049267626229305,25.066470060457405,23.0,32.0,0.7187499775390632,-0.4801020998147917,-0.2076873800168061,0.3333333333333333,2,2,0,2,0,0
51.0,122.5737952992512,119.75674489622192,2.356059960143442,0.9320686760038608,1.220213963160862,55.189358416264746,49.53561377608291,29.101327474929263,23.663324531499157,23.0,30.0,0.7666666411111119,-0.4181431557644066,-0.0727415639108129,0.3611111111111111,2,2,0,2,0,0
52.0,102.44978982425376,94.85207201227522,3.3249934156233008,0.5646775958029108,0.937179467542666,60.70031039397112,56.63334962440239,29.539132305745408,23.44000384278456,32.0,30.0,1.0666666311111122,-0.5370073489684396,-0.2944799916777345,0.3055555555555556,2,1,0,2,0,0
53.0,33.75020012859818,25.9266796206058,0.7063151059326719,0.6059981848997639,0.4601035151455743,41.72919415595966,58.02096592087385,11.588454543723175,10.636074909615504,1.0,8.0,0.1249999843750019,-0.731299812880994,-0.6928033134974042,0.9166666666666666,2,1,0,0,0,0
54.0,25.10761535260676,15.820341704102418,1.1111693017900404,0.5807613378424246,1.2080478511483386,43.303544603815055,56.24861637017912,11.254294009528993,10.586481465823034,60.0,3.0,19.999993333335556,-0.7572676640206526,-0.706539469728331,1.0,2,1,0,0,0,0
55.0,11.637109117040453,10.256818942299994,1.6290976699735884,0.3713712248023499,0.4299850163020191,37.844612926302815,53.54243154929334,11.844897116480986,11.349950013327293,60.0,5.0,11.99999760000048,-0.6588846989180799,-0.6302530582300263,1.0,2,1,0,0,0,0
56.0,20.514913484324357,21.64499515816462,0.4573559292551031,0.4527645536149814,0.6027259548264366,48.89699253845957,50.34204686809532,22.97826515990122,21.947363302014374,3.0,59.0,0.0508474567652973,-0.4608093056030246,-0.4489052396204485,0.8888888888888888,2,1,0,0,0,0
57.0,18.738763897703397,17.699740971746415,0.8622566695310031,0.825561521360305,0.5268603527188878,50.47447328046288,52.24301098023898,22.43719979158814,21.75231578812257,60.0,3.0,19.999993333335556,-0.4546418895565509,-0.4249696327821459,0.9444444444444444,2,1,0,0,0,0
58.0,32.386489357393444,35.58834751382942,1.18629507747307,0.5597397711380684,0.5451857857227248,50.35415646821113,51.56835897511125,24.578264415595367,22.81096990531005,6.0,53.0,0.1132075450338199,-0.4589112832558125,-0.4344169209826415,0.7777777777777778,2,1,0,0,0,0
59.0,33.78923679474303,40.99804287257082,2.662952733276539,0.6906874943773713,1.282989525058079,55.32946138430909,93.18174096494504,8.190521133494638,5.72331843204758,44.0,41.0,1.0731707055324218,-0.7812721874132663,-0.6961998017360516,0.0,1,0,0,0,0,0
60.0,38.038245385529066,48.956194886126,2.6729536134841765,0.4903531841660108,1.3555223941614598,52.52807733755471,92.82637181687824,7.885031596550024,6.669823838881988,43.0,35.0,1.228571393469389,-0.8113215960950422,-0.6560470385112355,0.0,1,0,0,0,0,0
61.0,39.67989798910625,48.73998115066132,2.3991916592104685,0.9362834561620936,0.8079940272928157,56.4636288482116,86.82809128933155,11.165864268978664,9.557447274299957,3.0,33.0,0.09090908815427,-0.7475003893360572,-0.5183763358885942,0.0,1,0,0,0,0,0
62.0,37.04310399670173,47.19545157954784,1.0068503579228345,1.038253113404142,1.2159565851338712,57.3547130774117,85.84149562974002,12.178324614159523,11.131536741672509,52.0,38.0,1.3684210166204998,-0.7269010977715422,-0.5585506945905672,0.0,1,0,0,0,0,0
63.0,44.17216896367337,58.50466743718361,1.3749711638811164,1.3837436055355732,1.741386790705511,55.81887948231751,88.63017677868605,11.046678578742933,9.395501866517565,2.0,34.0,0.0588235276816609,-0.7206026962538058,-0.4351625006304703,0.0,1,0,0,0,0,0
64.0,42.00093184706574,40.12143458844437,1.6878258866480431,1.0206318249189672,1.0748651711675627,80.93635439525374,78.149276922006,24.22587382944188,22.27250763152571,48.0,35.0,1.3714285322448991,-0.4971313030373651,-0.3388326440780135,0.0,0,0,0,0,0,0
65.0,48.04523143302231,47.45982568948988,2.884948039377986,0.8453393332357356,0.929925924347178,78.20923926627448,78.8149090292261,22.026770089749625,19.87854003828912,50.0,35.0,1.4285713877551034,-0.5190603950092313,-0.2941598223813296,0.0,0,0,0,0,0,0
66.0,47.18818616330017,47.55294850903367,2.597270039412256,1.021773992364256,0.8531310889457611,79.00058723773452,79.99640308047384,20.971448745555445,19.67040312324603,2.0,33.0,0.0606060587695133,-0.5010050717445713,-0.2910979633807747,0.0,0,0,0,0,0,0
67.0,60.677293569427306,55.88736838587128,2.54679699094864,0.9353643112683688,0.5389126638747928,93.8120748345511,85.62638405013531,26.76260472659646,21.652219624166023,30.0,27.0,1.1111110699588491,-0.3445217092720989,-0.1649726540755549,0.0,0,0,0,0,0,2
68.0,61.7883009011675,54.51557443581304,2.342474475425178,0.7911513789038204,0.6536129609031675,96.94331835159448,85.31484521748138,29.498545280410134,23.83862824621385,40.0,24.0,1.666666597222225,-0.3386126810389676,-0.1507911377652733,0.0,0,0,0,0,0,0
69.0,64.26346216415243,60.32934262747864,2.3786643562899203,1.1241903779026288,1.2876306165363092,56.68153862430273,71.87541622462726,15.68057808656384,14.22887513346071,38.0,37.0,1.0270269992695409,-0.6863408742354049,-0.478351174879321,0.25,2,0,0,0,0,0
70.0,57.93633804183648,50.725492562614576,1.6533780963030105,1.0883676762333918,1.3110240426868214,61.09804183204416,75.45836663556636,18.0226215367007,14.963005936737744,42.0,31.0,1.354838665972946,-0.7198758972651151,-0.4864403566973072,0.0,2,0,0,0,0,0
71.0,61.40945970823424,55.902201612106055,2.136891529569667,0.8112254468038486,1.5334767127056768,52.89097970483522,65.70786901608142,16.4161595320145,14.913932423239295,41.0,36.0,1.1388888572530873,-0.7212494973831495,-0.5329036604002771,0.3333333333333333,2,0,0,0,0,0
72.0,68.9906112811903,71.22299709421151,2.643777867412876,1.3846549527960654,0.8260908404728075,62.899954992625744,75.8977537502673,19.176915270995917,15.119965052933797,34.0,27.0,1.259259212620029,-0.5705321854901798,-0.2850823806661431,0.0,1,0,0,0,0,0
73.0,64.95913186035881,69.72301884013272,2.480874458802677,1.119413455195153,0.6826007306807823,63.397972004049066,80.98488456795675,17.691036895761865,14.138343285235951,31.0,29.0,1.0689654803805009,-0.6008494934126627,-0.30553701744308,0.0,1,0,0,0,0,0
74.0,69.8666533728152,86.19600957140041,2.349648270537623,0.7590444177288522,1.7118023375117142,51.18634502499934,85.4042027533124,7.6817312723867825,5.227903403100647,34.0,28.0,1.214285670918369,-0.5865556453495793,-0.3902451081299626,0.1111111111111111,2,0,0,0,0,0
75.0,61.58722698199283,73.8345999189726,1.761060874623735,0.9255746347244996,1.9807813387365825,50.68742134432921,90.99516518242736,7.06284850048734,4.238894596200598,26.0,26.0,0.9999999615384628,-0.6187942804799771,-0.3993181617205347,0.0,2,0,0,0,0,0
76.0,70.86978346500543,75.63487998373847,1.198088525898254,1.638811527818163,1.259258838669871,43.228305401353936,61.42551999462931,17.606466507072426,15.462246821765698,36.0,38.0,0.9473683961218844,-0.6287182910586391,-0.3582049713132895,0.3055555555555556,2,1,0,0,0,0
77.0,68.68750809408067,75.78182566500297,2.0541944992559693,1.444313899392757,0.781911926661928,44.24533551674622,63.442769109360405,18.208358854005372,15.523720466455412,37.0,28.0,1.3214285242346957,-0.6149809470003539,-0.338658648491498,0.3055555555555556,2,1,0,0,0,0
78.0,52.221113866969006,52.478185537635525,4.529287742965579,0.647657003935403,1.0554558381576886,58.28041716355597,67.81194681779391,20.684308027848296,18.176236889408106,38.0,2.0,18.99999050000475,-0.6103643374550496,-0.5019981100636234,0.3333333333333333,0,0,0,0,0,0
79.0,49.64376081021109,56.88319965580866,4.656867821487584,1.0317299748070194,1.3044352893922335,58.57017127849057,69.30248694680819,22.866725377560684,18.678754839351885,39.0,34.0,1.1470587897923883,-0.5941169261701753,-0.4354895203619733,0.25,0,0,0,0,0,0
80.0,47.981815820526975,51.40330294920534,3.5627247618536355,0.8499422287049517,0.9498346520096717,57.1327991771412,65.85556091151356,22.871559269611925,19.466486092173152,2.0,38.0,0.0526315775623269,-0.5615519338736923,-0.3980036540332591,0.3333333333333333,1,0,0,0,0,0
81.0,38.61618460848096,35.83002750226443,1.2624916360503902,0.4395333758201878,0.6951386196351905,60.83708756805609,66.0300086913211,22.38826613264193,20.975450588468632,49.0,40.0,1.2249999693750009,-0.5860770789991978,-0.4752155962306066,0.3055555555555556,1,0,0,0,0,0
82.0,33.755335521046206,29.53448198767458,1.0729967976903434,0.3128211411772961,0.4805451780956672,74.33016536977262,81.66626715331931,20.57691879109503,18.615837885169167,51.0,43.0,1.1860464840454308,-0.5709307779454211,-0.4704874103381757,0.0,0,0,0,0,0,0
83.0,41.03548256462536,38.27145846246965,0.8864426620611697,0.5216232692072869,0.6212180590557752,70.05612893774394,76.80505319381659,20.93710817520173,19.387152027703635,42.0,2.0,20.99998950000525,-0.5775498093767572,-0.5017250922508025,0.0,0,0,0,0,0,0
84.0,49.52769182512385,49.87585994075317,2.61072851348601,0.6319476400156603,1.856846115923957,65.01251901764202,95.15586750514667,7.215715654011878,5.399516741433475,40.0,35.0,1.1428571102040823,-0.7627769659384639,-0.5697083139252801,0.0,0,0,0,0,0,0
85.0,48.273840325494206,46.26859476905969,2.4829518286896826,0.8063604504036661,1.581483009288143,63.715353541713085,94.01731646388978,6.838621538300528,5.589253667585467,45.0,33.0,1.3636363223140509,-0.7769820495774953,-0.5612915472811218,0.0,0,0,0,0,0,0
86.0,39.847552086140425,40.06318270048247,2.2193387338588613,1.0587916989566242,0.9250125423460994,75.37102853258146,105.9334997203192,6.956301702348724,5.206656271860017,3.0,33.0,0.09090908815427,-0.8030687623965321,-0.5468303572965822,0.0,0,0,0,0,0,0
87.0,25.21011748678626,27.60167149071169,0.7234503808359678,0.337806481391401,0.6641327684762032,77.07169882321699,93.32246011134032,16.490329281469872,15.69470574204328,55.0,50.0,1.0999999780000005,-0.6447374115982627,-0.5343729102498316,0.0,0,0,0,0,0,0
88.0,32.95460499433901,32.75647911980725,1.665998119223662,0.3109177761423924,0.619170629223194,84.39442551915931,98.8044097609401,17.27537703806046,15.60379741811727,2.0,41.0,0.04878048661511,-0.6496184984764989,-0.4479607333279508,0.0,0,0,0,0,0,0
89.0,47.77737102313032,46.41008855657276,2.0881579113910163,0.4278279220934474,0.7338284064808762,83.0511604657101,97.7965251901028,15.27061937399178,13.739975863383442,60.0,2.0,29.9999850000075,-0.5762153416728489,-0.4209899590388175,0.0,0,0,0,0,0,0
90.0,44.06433789902377,48.73036281854338,1.4054084868243173,0.5662676824101924,1.5893306270926946,55.86903406162564,78.07411990488168,18.401268130902647,17.241729895584267,49.0,32.0,1.531249952148439,-0.7269868336924327,-0.5370236805447712,0.0,0,0,0,0,0,0
91.0,54.17346114755698,59.43457305897108,3.2969917985874515,1.3209998053416876,1.2388955600471832,99.14749775269908,98.8597602336137,21.413479732731894,18.31432354456331,32.0,29.0,1.1034482378121298,-0.3700903107712086,-0.1775247420998824,0.0,0,0,0,0,0,0
92.0,81.08843707945533,109.87090903873442,1.8508154395968328,1.3328342706865923,2.040084068064273,42.83916849319716,85.38156431706136,10.71152825912125,7.446512055085517,32.0,7.0,4.57142791836744,-0.7758671356187622,-0.3949069748475639,0.0,2,0,0,0,0,0
93.0,84.56599747357508,115.7384649140781,1.1099077161662088,1.1183419134111916,1.9835877098057424,42.37558959729409,85.05946429238485,11.314894451210805,7.425213034492087,30.0,7.0,4.285713673469475,-0.7625240991165643,-0.3616546778072411,0.0,2,0,0,0,0,0
94.0,39.52280645987079,57.09842983830024,1.6159637608317148,0.6750098511531549,1.744345150679125,42.0196131613774,84.33437360093596,10.699768590932363,8.386596344049652,6.0,30.0,0.1999999933333335,-0.77960923812629,-0.5056708687041531,0.0,2,0,0,0,0,0
95.0,43.72421223718642,49.27826579976852,2.5571356077839664,1.0469143962847614,4.522101605367455,55.9296640728542,88.50303666771221,13.467307337062069,9.681534093744084,40.0,36.0,1.1111110802469144,-0.8158601153719448,-0.6293147892310117,0.0,2,0,0,0,0,0
96.0,34.08307145504904,34.7067033753614,1.487482913847454,0.8857401646941906,3.4249966431894827,55.824903186945264,84.70944147697182,13.73036894476325,11.058887620246084,2.0,40.0,0.04999999875,-0.8542464904378351,-0.6368160650793391,0.0,2,0,0,0,0,0
97.0,38.86374729787825,33.19013140767231,1.163940917417961,0.9016541014679238,3.354693586836128,59.95788888527311,87.37188627938907,13.458986490869224,10.935048092698372,2.0,48.0,0.0416666657986111,-0.8288352754465994,-0.6248523309928572,0.0,2,0,0,0,0,0
98.0,40.92678577165019,42.45234254956219,2.6856360171786378,0.9261472448672275,0.8861776677126052,53.36420160920886,75.16109673685176,20.932537993921592,18.381527968188244,43.0,36.0,1.194444411265433,-0.7639806900224889,-0.6095989265407491,0.0,1,0,0,0,0,0
99.0,45.61401792090368,43.74396979495549,2.9243266692421,0.7768306271096703,1.115986737550389,49.92423640669335,69.62349692626235,20.8636212152943,19.062238364843115,41.0,32.0,1.2812499599609388,-0.7618111198703511,-0.6325458823358001,0.1944444444444444,1,1,0,0,0,0
100.0,55.19161998784156,45.68870635169887,1.1523076448914376,0.3544623376267897,0.643967035480444,78.1064470550661,78.19220593123146,31.5262931807677,27.64332998732733,43.0,1.0,42.99995700004301,-0.5615987283815583,-0.4504210601545467,0.0,0,0,0,0,0,0
101.0,47.673747217050106,42.48192234122851,2.4635003926873167,0.3043327413730121,0.443054264926061,76.76631175960105,76.74268489772126,30.207827829801257,26.93508062030009,49.0,39.0,1.2564102241946098,-0.547354532851624,-0.3494541330923675,0.0,0,0,0,0,0,0
102.0,40.58336011618252,34.318293603241216,2.4447897597778927,0.7218657459760505,0.6020703907363476,83.58526768912208,83.50052545135739,29.815659914934702,26.196462514125933,47.0,33.0,1.4242423810835645,-0.5176442373391373,-0.3615324553257607,0.0,0,0,0,0,0,0
103.0,36.501145260614976,46.207339321459614,17.214699222147647,1.3908855695124782,1.2428805334963364,85.1283663282264,118.70950932023892,2.7650958224118303,1.3201393485867703,1.0,30.0,0.0333333322222222,-0.672830089252573,-0.4686895362668732,0.0,0,0,0,0,0,0
104.0,38.46388154219693,51.74992720609447,1.4735932054606746,1.491947224418233,1.3054829660496896,77.83878595022657,114.75730420492884,1.7399988225353276,0.8151555034354007,31.0,36.0,0.8611110871913588,-0.6989950689233879,-0.4817539999214794,0.0,0,0,0,0,0,0
105.0,42.78580957528351,48.53019099733002,2.2247737659726514,1.0633025442612325,1.4306107689032868,74.72994474328046,103.9463985623297,4.719790201859625,3.465492136795917,36.0,29.0,1.241379267538646,-0.6994317062075571,-0.4661392278303894,0.0,0,0,0,0,0,0
106.0,45.59499785178862,45.26774359842625,1.5576495725893362,0.9443190975996124,1.1987419176561764,85.95694557425293,102.76765730621794,10.361414214450452,7.979556904872971,35.0,31.0,1.1290322216441218,-0.5607672130105902,-0.3996999132714486,0.0,0,0,0,0,0,0
107.0,58.42396983547837,56.4940572985749,2.074183564724296,1.0250533527679688,1.1784297741897116,82.41947950226135,95.48593011168546,11.63711058337669,9.699027662096558,32.0,39.0,0.8205127994740309,-0.5525713952814183,-0.3594462693506836,0.0,0,0,0,0,0,0
108.0,45.131196505192975,40.31940877519303,1.283980254361321,0.9024381340231518,0.8824818048258857,78.30255143184776,90.3904677104952,12.064721776895263,10.231848156007056,3.0,32.0,0.0937499970703126,-0.5614676692029197,-0.4186984104293436,0.0,1,0,0,0,0,0
109.0,46.34314222909461,49.249534030275925,2.344616483956305,1.3053769581624035,1.526305498414833,92.27670847056272,91.71679947240284,24.5723796108514,21.26215993344001,35.0,34.0,1.0294117344290667,-0.4110706840910298,-0.1617372757668101,0.0,0,0,0,0,0,0
110.0,48.59290309992974,54.25099371261868,1.6148499756506498,0.7634604038159238,2.063734571982146,89.82608177933881,91.28338093443608,24.26851896254713,21.576116645652647,45.0,32.0,1.406249956054689,-0.4388084835886302,-0.1618320802501101,0.0,0,0,0,0,0,0
111.0,52.70527814163006,51.69715178839877,1.193037940054838,1.111765194795148,1.9057278990732176,93.5903636321738,90.20265230833532,26.085643666497816,22.95975003482713,44.0,32.0,1.3749999570312514,-0.4076752070901843,-0.1437100500557434,0.0,0,0,0,0,0,0
112.0,51.71685281972496,52.30573854475155,1.229733018374928,1.3203363883701569,1.3416454790566903,102.54048004801189,100.15832237141218,21.82882301251307,17.989174970667463,37.0,31.0,1.1935483485952143,-0.3471139363605957,-0.1610017939231172,0.0,0,0,0,0,0,0
113.0,52.53109366569935,58.80998852669045,2.034828763606915,1.3218133007356312,1.41934707393161,105.59036742531934,103.7422358154533,21.664898362756368,17.979103523644184,26.0,31.0,0.8387096503642048,-0.3321314617338332,-0.1132055914402945,0.0,0,0,0,0,0,0
114.0,39.60014347360237,39.96620804461768,0.5048864872436022,0.8348593091941878,1.029311394856807,58.70470777532768,85.44518771336655,5.269876076707871,3.9797144192609135,2.0,36.0,0.0555555540123457,-0.8529057810241226,-0.6521639552013884,0.1666666666666666,2,0,0,0,0,0
115.0,47.34460676228592,45.996481824455984,1.0423004658823616,0.446692936786802,1.1299637307681616,54.76186310641759,81.20558911168088,4.578779755448449,3.6103741493275305,41.0,4.0,10.24999743750064,-0.8724897135042874,-0.7930321940745753,0.4722222222222222,2,0,0,0,0,0
116.0,44.365448458569546,43.43306631291797,0.5413373119990776,0.819735099728031,0.8626160090327109,55.03444881055098,80.8321856886948,7.913314656722919,6.498615017790943,3.0,33.0,0.09090908815427,-0.8573983113370853,-0.6405115201350677,0.1944444444444444,2,0,0,0,0,0
117.0,71.6187733138696,61.497402999900736,2.22762547936298,1.128958999820642,0.6942578294804538,58.58206046369359,68.89034632802999,14.391383373771417,12.791734340190471,46.0,29.0,1.5862068418549364,-0.6283013721687796,-0.3838272904992326,0.2777777777777778,2,0,0,0,0,0
118.0,62.2193224643095,64.65633172430141,1.6610458399349923,1.158203113298076,0.8758451664641844,59.75316024874793,71.78857219043974,15.02053433414365,13.51901756944612,49.0,29.0,1.6896551141498235,-0.6275807409483714,-0.3061311593821698,0.25,2,0,0,0,0,0
119.0,65.95486533201868,58.72798047794079,1.900078592684212,1.0573614206392952,1.008267576680701,58.447665537954975,68.83079472484674,15.597080583488484,13.572059741733378,47.0,31.0,1.516128983350678,-0.6403424152518448,-0.4147474512416804,0.25,2,0,0,0,0,0
120.0,73.0646921676036,75.46999166232517,1.3480526847401648,0.973401778900272,1.4512455991790445,57.283452878434574,83.76703200984352,14.581549583992093,12.024298815000112,29.0,34.0,0.8529411513840839,-0.7012854206988015,-0.531868358779541,0.0,1,0,0,1,0,1
121.0,77.4296009427463,90.09716866832282,2.3722569846127324,0.8985707956289648,1.216561737898115,52.0703183547745,80.48589109179292,16.019707760329524,13.165788086345406,31.0,35.0,0.885714260408164,-0.6866851859337353,-0.4152351088374362,0.0,2,0,0,0,0,1
122.0,42.82409042011116,40.50275653625236,1.8975590952368535,0.9257473027186136,0.8108602598127772,61.66496185305421,90.80027211744434,14.85706994236568,12.921048007208729,4.0,32.0,0.1249999960937501,-0.7165204144086047,-0.5627540179030454,0.0,1,0,0,0,0,1
123.0,62.53834544886493,60.72953101740539,1.7956834311167404,1.2200333992905763,1.2871586588034891,64.9746803674034,79.70625748224634,22.27454255239763,16.683725869940126,34.0,38.0,0.8947368185595574,-0.6619290919823134,-0.4893147370072225,0.0,1,0,0,0,0,0
124.0,66.20916873726985,55.67738912169194,1.5871008996432363,1.3114748763509416,2.302947279201951,59.34418912304147,69.36017203083621,24.505338057751597,18.264099811573278,37.0,46.0,0.8043478086011346,-0.6605642633503133,-0.5387001909479184,0.2222222222222222,2,1,0,0,0,0
125.0,69.48180475442548,69.73458446743362,1.018856169903955,1.5172178593039685,1.4690222363131702,65.63592606090086,81.98395610259756,20.772388388866,15.68916001889111,32.0,48.0,0.6666666527777781,-0.6603108537000982,-0.4574537160297993,0.0,1,0,0,0,0,0
126.0,68.65553683470749,73.48670647649149,2.254497238556773,0.4698125499711333,0.843341136018087,50.00206722079535,71.05388709534931,16.106410118336512,14.690568443899732,33.0,1.0,32.999967000033,-0.7654668917842666,-0.6464350033629682,0.4166666666666667,2,0,0,0,0,0
127.0,50.51713963675459,51.67846903884791,3.193384546074094,0.8847655521187658,0.6611746596297927,58.06994427768549,64.49799574610296,23.15571491184416,21.877133647861065,3.0,30.0,0.0999999966666667,-0.6231675239627495,-0.4412014071708841,0.4166666666666667,2,0,0,0,0,0
128.0,59.28361951833715,68.69286570186543,2.819127897950311,0.4544928038380614,1.4029407585116342,50.71881197681568,79.02774192264614,10.870755354753612,10.28871079148419,1.0,27.0,0.0370370356652949,-0.7637340729847203,-0.4325956711118397,0.1944444444444444,2,0,0,0,0,0
129.0,55.73908681867785,51.38166619173983,4.820427251481953,0.8686893759712698,0.9876349544193416,72.51904875316939,85.1574473975874,22.4300204513637,18.7023808297068,2.0,35.0,0.0571428555102041,-0.6078980067927664,-0.3943712426281319,0.0,0,0,0,0,0,0
130.0,54.22632948674493,58.36264175056752,2.1746177108320124,0.8542773558202579,0.5598509933840004,74.76974431060904,81.3215628523833,21.14017608836041,19.11102382375058,39.0,32.0,1.2187499619140638,-0.5298261498679836,-0.3205498869309769,0.0,0,0,0,0,0,0
131.0,51.195365293927495,56.97104376816908,1.156537841850126,1.1682782967305547,1.841998820645516,68.3002695866228,84.66679913964137,20.697533590009574,19.476637013441504,40.0,1.0,39.999960000040005,-0.614538043537406,-0.4741874892894412,0.0,0,0,0,0,0,1
132.0,65.13030406323615,45.59053370060218,1.9197400432051812,0.7284525238058623,0.5155565142643471,91.8177303730506,78.13329510654741,38.1423874947995,30.743860645994623,38.0,41.0,0.9268292456870916,-0.3728067582467106,-0.2227131198329917,0.0,0,0,1,0,0,0
133.0,52.29190569602564,38.6386897406518,2.112355196534978,0.5235083762513209,0.6039198155537935,99.49242017006485,85.56497437806,36.97172618391177,30.20833897754122,42.0,32.0,1.3124999589843764,-0.3433486128997153,-0.2083829604450933,0.0,0,0,1,0,0,0
134.0,57.55634254674003,36.52344856482294,4.293750315505308,0.4178586766252129,0.9089423346226349,107.03060998137092,95.14682339938754,32.90374616641375,25.089712499988494,33.0,34.0,0.9705882067474058,-0.3260315379035131,-0.1821481589661446,0.0,0,0,0,0,0,0
135.0,60.2355835736042,70.42182317903362,2.3451684342698464,0.9260144950568516,1.0335766633975625,55.56407440363711,78.33870242710455,13.221645533708156,12.700049536741393,40.0,50.0,0.7999999840000004,-0.7895974213695616,-0.5813469031487585,0.0,2,0,0,0,0,0
136.0,49.69764799225706,49.8943829307697,3.5998927528836946,1.0105155686038163,1.1507506525470388,54.911324815308966,75.25726644760789,15.479160348576665,14.3177146041673,40.0,38.0,1.0526315512465385,-0.7956656547458792,-0.5736942927594165,0.1111111111111111,1,0,0,0,0,0
137.0,43.50225416530466,47.18998392914642,2.2884176658951136,0.7612566880775002,1.3789810200112047,55.56676495465543,76.92189083063403,15.58675590863368,14.806692814017664,2.0,42.0,0.0476190464852608,-0.8118283334422759,-0.5576757974010091,0.0,1,0,0,0,0,0
138.0,53.59691627617559,56.11379380972353,1.7403894243927855,0.9971989440447148,0.3785729073373434,67.33274631144737,75.67115189741676,19.38672319537986,17.321669211096356,38.0,39.0,0.9743589493754116,-0.5872135626639927,-0.3635882750519633,0.0,1,0,0,0,0,0
139.0,60.179504183336974,62.45359540061921,2.678933475015454,0.8710515487791755,0.8321436383792774,70.0347735698322,78.85227779236845,20.61237126167944,18.09039765489637,33.0,37.0,0.8918918677867064,-0.6205857310674788,-0.4488919510592882,0.0,1,0,0,0,0,0
140.0,50.11112667768906,55.63150897558016,1.3045716199117638,1.0116957155924813,0.4414483079672779,73.73295742594824,84.59815381047709,19.779415341251504,17.81542811363086,2.0,35.0,0.0571428555102041,-0.5908652380907107,-0.2811623877938775,0.0,1,0,0,0,0,0
141.0,82.06848591658424,102.432562255616,2.4140844516567546,0.7521082396472846,1.7824227983353074,42.56767353835713,74.03332522756831,14.731181916143068,10.55196443626621,33.0,29.0,1.1379309952437588,-0.6890805585541575,-0.4260055841126148,0.2777777777777778,2,1,0,1,0,0
142.0,70.50865837941811,72.25180497070545,1.1488805656714234,0.8107185160680855,1.7941823023361136,37.0120533086265,61.70430063076222,17.801513960326787,10.714705461419658,42.0,31.0,1.354838665972946,-0.6985400658528409,-0.5288886423021157,0.4166666666666667,2,1,0,0,0,0
143.0,51.426630677556886,58.856944774236354,3.2905692642785103,0.8394629760883048,2.0156940886231864,49.48856339558981,81.21137246342028,11.378542713827098,7.379436762281707,1.0,38.0,0.0263157887811634,-0.7327140918130665,-0.566275319554731,0.3611111111111111,2,1,0,0,0,0
144.0,95.31073482243114,105.82593329175543,6.216251311281142,1.113584464622715,0.9632092626508044,41.74874156355245,61.43161077469362,22.71765367090407,15.7188412884575,30.0,30.0,0.9999999666666678,-0.6371506501734374,-0.3833353257051736,0.2777777777777778,2,2,0,0,0,0
145.0,77.39757323954207,79.80529315851274,4.314546110029797,1.0437224550737765,0.9444342456107248,41.8897252716708,60.08384083503127,19.235614129996748,13.54111758463204,31.0,30.0,1.03333329888889,-0.6840773271474052,-0.5565508288073291,0.3611111111111111,2,1,0,0,0,0
146.0,99.5400403809079,112.52967455661556,5.995149265697903,1.6458927423981506,1.2430504448304265,42.93153291601262,63.02821552404407,20.53286814941613,15.669410573177789,2.0,22.0,0.0909090867768596,-0.5978531879691174,-0.1929464492906383,0.2222222222222222,2,1,0,2,0,0
147.0,22.518258869948028,25.22753473062521,1.9948767897286652,0.7728832088446812,0.7534412189252666,54.36822857351517,77.47614884541625,18.269776113799477,13.280852471294107,60.0,44.0,1.3636363326446288,-0.7291870657651809,-0.7047341077244825,0.2777777777777778,1,0,0,0,0,0
148.0,24.253154095782666,30.2529226717662,2.744799481001327,0.8584042365364327,1.7756458714706496,61.5716479508808,83.83393621176916,19.736470126669168,15.420653861188068,60.0,41.0,1.4634145984533025,-0.7283627732527569,-0.5647894289927446,0.0,1,0,0,0,0,0
149.0,25.189504310508937,30.94111049298589,4.121013336155071,1.0406969913413515,1.762428119963999,55.56232081596391,76.17159912744489,18.979998549025552,14.217959931668362,60.0,44.0,1.3636363326446288,-0.6930889845873791,-0.6011977288177888,0.2222222222222222,1,0,0,0,0,0
150.0,18.318616202174823,23.077892559939546,1.0806371515783408,0.7568458397859182,0.5211592262487293,66.07257891159372,84.65391584256788,18.399816563158527,17.683855298587677,3.0,48.0,0.0624999986979167,-0.6930869262228962,-0.5665390222348867,0.0,1,0,0,0,0,0
151.0,14.431757377582173,16.91161744686906,5.374263275114164,0.3707512592260214,0.2945795756339693,75.48538022339662,93.78029912229675,18.19455374173518,17.370315114268223,60.0,2.0,29.9999850000075,-0.673869161731139,-0.6283885039854282,0.0,0,0,0,0,0,0
152.0,15.18592542941795,15.29339503167168,2.010372923684102,0.636613726396176,0.8767508414194961,78.09172015119489,95.19543847648607,17.554750767276744,17.00418680273926,3.0,48.0,0.0624999986979167,-0.6499967755743752,-0.5843974457495965,0.0,0,0,0,0,0,0
153.0,42.08901422206867,48.37124552345509,1.1124827511001911,0.5410663026831839,1.356312090029461,45.81944433199532,76.16385398229676,14.37778791596988,10.043107740175785,8.0,49.0,0.163265302790504,-0.8678392078307661,-0.6540146109985798,0.5555555555555556,2,0,0,0,0,1
154.0,39.10201726877088,47.49359283181706,2.2128863757233863,0.6094573139350005,1.4714856235945393,45.22723810228052,76.24310195304494,15.125256941019884,10.016602544952043,4.0,37.0,0.1081081051862674,-0.8611654535215938,-0.6578237549044248,0.4444444444444444,2,0,0,0,0,1
155.0,45.308861387131614,54.978843134464704,2.53362196395595,0.7779012419151387,2.1760157684789405,45.98152682706988,76.32198863612021,15.346054923043448,10.790056889613428,3.0,38.0,0.0789473663434903,-0.8220577189957854,-0.6015518588863229,0.4444444444444444,2,0,0,0,0,1
156.0,65.65479159976444,71.03062575137454,2.06305797209688,0.8078288719930232,1.0825578674119944,51.241850112524816,71.72706033487908,22.4226862800546,19.56334636182041,41.0,3.0,13.666662111112627,-0.756188531014968,-0.5386193031097644,0.0,2,0,0,0,0,1
157.0,66.80537303313771,75.8210947684595,1.1347962269678382,0.5886361601319722,1.198774012344973,56.64953286288538,77.78187013710628,20.9978261273089,17.39737430434475,35.0,50.0,0.6999999860000004,-0.713668106188508,-0.4610621793670983,0.0,2,0,0,0,0,1
158.0,62.47141633134525,56.19413413106885,2.031274670186682,0.8354780821560179,1.199161808604361,52.31815008690613,67.06432506406783,20.276633321498387,17.12474112056404,2.0,44.0,0.0454545444214876,-0.6772788778084317,-0.5348291802796284,0.2777777777777778,2,1,0,0,0,1
159.0,46.28014821912613,41.72598963184207,2.0645080759686856,0.4655353808255546,0.5590894071014575,45.37922127528422,62.88351019417006,14.658248158114072,13.62273426066611,52.0,45.0,1.155555529876544,-0.7644977263119164,-0.7128656231649957,0.6388888888888888,1,0,0,0,0,0
160.0,63.53183557817097,67.33682281922594,1.3499043517358618,0.6106062378149116,0.3929678340049101,56.00302458558624,78.05734218856496,15.68309183523848,14.051068359823065,34.0,5.0,6.799998640000272,-0.7781619274851161,-0.663007481672401,0.0,1,0,0,0,0,0
161.0,55.40541629718756,55.87910969285066,2.141625675483623,1.0140638355112006,1.8111667918277967,64.4163035302531,79.46198957414303,21.038465624040747,18.97696151925216,34.0,41.0,0.8292682724568714,-0.6224487476522181,-0.4430546307803081,0.0,0,0,0,0,0,0
162.0,45.916083726062254,45.70929499489523,3.502518249977104,0.818791463327665,1.6155885249584023,65.42898340389519,80.09034401895661,20.700174772846147,19.00617209747611,36.0,38.0,0.9473683961218844,-0.6415853994621512,-0.4758432562573181,0.0,0,0,0,0,0,0
163.0,62.21983784283066,61.48914003504488,0.5398278045068653,0.7200383220366963,0.7952523144084208,77.83674975909823,80.93817977287497,21.10786289793136,18.438002235952425,32.0,26.0,1.2307691834319543,-0.4947393714423616,-0.3322200424923872,0.0,0,0,0,0,0,0
164.0,58.93144756276303,63.495242139660405,0.9159552664019318,0.8678033293384347,0.5557649703866109,77.96172886904998,87.21028875341199,16.872983243979526,14.982735487409226,32.0,34.0,0.9411764429065752,-0.5296411427644251,-0.3475606505591197,0.0,0,0,0,0,0,0
165.0,63.57091030879968,61.12391127380326,1.0230333831389395,0.8310701746490187,0.6456766284215633,90.51970274092513,90.25368411175003,20.5888207132235,17.28170314382636,28.0,37.0,0.7567567363038721,-0.4376827908840393,-0.2784666361210768,0.0,0,0,0,0,0,0
166.0,44.4112896635976,42.2978505792172,3.024764276250811,0.5036735926890645,0.8884991436302468,99.78441991521817,99.23746346388118,20.783942532303996,17.69857519104008,36.0,38.0,0.9473683961218844,-0.4307726217387101,-0.3007665524652684,0.0,0,0,0,0,0,0
167.0,48.87173019395118,50.92619164060322,2.7043627791953293,0.7420540504964717,0.7522399004132716,97.22903912165216,103.17901103672816,17.14457069891827,14.36257279574418,40.0,38.0,1.0526315512465385,-0.4712380838629848,-0.3085681998338314,0.0,0,0,0,0,0,0
168.0,68.20694497697937,76.34259509143921,1.6813715199019583,0.8029284066249147,0.880989047239938,61.76133846441222,87.0140421154542,15.490065220455014,13.490515855278735,28.0,28.0,0.9999999642857156,-0.6872822997826993,-0.489603516433808,0.0,1,0,0,0,0,0
169.0,67.89374589128087,83.26397960454514,1.826327828189113,0.7948898103004896,1.1490553553242908,57.5164443085626,87.40949852637675,15.18713408861484,12.52459738766846,29.0,29.0,0.9999999655172426,-0.7070922968903487,-0.4985402891724201,0.0,1,0,0,0,0,0
170.0,82.11396735899615,100.36715019395533,2.6612353870252345,0.8473993337971494,1.6015519647157048,55.95509314346904,86.47831390422056,14.893931153299487,11.425224346108443,33.0,30.0,1.0999999633333346,-0.6838266626581633,-0.356754792569691,0.0,1,0,0,0,0,0
171.0,56.07611576199163,55.72607184449774,2.468453774697566,1.203042503154922,1.0836004475495224,73.6771382052525,87.22094593953715,20.119076212255404,17.443849034265817,40.0,34.0,1.1764705536332192,-0.594721172324625,-0.3747303430547383,0.0,0,0,0,0,0,0
172.0,50.28876359743967,50.96576549506865,2.251689035808311,0.9486074890061396,1.1455059749032894,79.54043106490847,93.84982305961492,20.727447353904235,16.657329255242278,31.0,30.0,1.03333329888889,-0.593055567191838,-0.3764906614070218,0.0,0,0,0,0,0,0
173.0,52.41665400994941,58.98504992269813,0.8624118510252922,0.8690547691594783,2.4677710317352566,47.513319296546456,75.25754048154786,11.280177234045093,9.496298603737486,46.0,26.0,1.7692307011834345,-0.7070360141576871,-0.4918399818148666,0.4444444444444444,2,0,0,0,0,0
174.0,64.26993989579191,75.45884923960438,2.2657644767472056,0.7784481381231788,0.6000458199071953,55.99677009189053,82.54147171800665,13.34047820785949,11.938582848173088,55.0,24.0,2.2916665711805595,-0.6967459910492193,-0.3342868072991148,0.0,1,0,0,0,0,0
175.0,59.36162368082616,59.85627838220594,3.0514317753069924,1.0511683462004329,1.269949648773745,56.05615491051614,61.68883534144816,19.58409380003488,18.71173788034928,60.0,29.0,2.068965445897743,-0.5880008272150028,-0.3783246457357457,0.4166666666666667,2,1,0,0,0,0
176.0,65.5927372079048,62.28759223703939,3.0728013963528524,1.0072681114839086,1.0029640815589644,54.74542008142866,59.84705534583554,20.549502130311776,19.14932310744356,54.0,29.0,1.8620689013079688,-0.6179576990014392,-0.4048201802407803,0.4444444444444444,2,1,0,0,0,0
177.0,35.31858139235641,42.489146475682624,0.9829353640397231,0.8292533990116598,2.3524447679605163,60.680949498171024,95.54111307969978,10.868970848444976,8.308153916028377,51.0,42.0,1.2142856853741504,-0.7381676239430864,-0.5735459611575275,0.0,0,0,0,0,0,0
178.0,53.5660085490908,60.99984353467758,1.2777328538144086,0.7366571776382291,0.8071709384966087,65.50572422582692,70.26855019344359,24.648990887763397,21.9627793128265,51.0,27.0,1.888888818930044,-0.4692253550683375,-0.2686649713584001,0.0,1,0,0,0,0,0
179.0,48.10677289889944,48.90910023800579,3.0284445050678714,0.7051305500332611,0.8619657175605581,80.87545940373438,77.44362297419349,27.563421463288314,25.52861489400181,3.0,31.0,0.096774190426639,-0.4601585249786025,-0.202268681884978,0.0,0,0,0,0,0,0
180.0,28.930751744415037,33.49557968476816,1.034417675147825,0.8046278060961981,0.7707532173692789,98.48990639345746,108.9323551389632,15.38213904306851,14.153030557420742,3.0,36.0,0.0833333310185185,-0.5495552164618869,-0.3566638837818484,0.0,0,0,0,0,0,0
181.0,23.665057164906926,37.08368165962317,0.9079882830218118,0.6894678435931307,1.0325820701481458,101.1649126731312,129.93405942655113,8.935892999378373,7.971840291520278,2.0,29.0,0.0689655148632581,-0.5197700390579318,-0.3412248207929634,0.0,0,0,0,0,0,0
182.0,57.3564635780113,57.39003041717368,2.866601873120958,0.7587667549974892,0.9989180414046462,54.222317823784266,73.68112491033935,12.642978865985905,11.48710273357872,39.0,29.0,1.344827539833533,-0.7270726004825367,-0.4845193844837679,0.25,1,0,0,0,0,0
183.0,63.108954710601935,65.43039962089195,4.188598177074229,0.7878961456315129,1.5589625609626772,55.84031490790345,76.52759470958956,10.84481610695758,9.668475566331477,52.0,30.0,1.7333332755555575,-0.7436994125619631,-0.3817195491012055,0.2777777777777778,1,0,0,0,0,0
184.0,65.49453887930235,70.22503523712905,4.4495982340918525,0.9777890983606354,1.2933401071510162,51.76454610766907,73.36733814896718,10.71284230002704,8.934223332062112,2.0,30.0,0.0666666644444445,-0.6887549164387898,-0.3571430426822485,0.4444444444444444,1,0,0,0,0,0
185.0,56.41862115719599,61.26932522390061,4.650602556749932,1.4899145791555868,1.1452120368182692,82.91334867944394,78.07873654911228,30.163051193834978,26.57845940483718,3.0,32.0,0.0937499970703126,-0.4469940467332308,-0.1046660477393137,0.0,0,0,0,0,0,0
186.0,52.80139689821911,54.38961876343447,2.68537889224168,1.2447576308711374,1.0738698950215833,77.1698101877229,73.40885139004942,30.58549524860501,27.396497052095263,58.0,32.0,1.812499943359377,-0.4855579619464967,-0.2055988228128001,0.0,0,0,0,0,0,0
187.0,72.27441279683202,79.88491253218628,1.39944201725556,0.7636004411902626,0.8635319592781553,43.87100774191744,72.36293618981523,11.767443666666123,9.548466216786563,40.0,25.0,1.5999999360000026,-0.6503727957784707,-0.3415558196954022,0.2777777777777778,2,0,0,0,0,0
188.0,90.60895828068972,104.0937544425457,1.9545968368219384,0.5683884396145715,0.7888711444472454,41.38183957946784,69.75717641133934,11.465263122910889,8.875072792130059,27.0,28.0,0.96428567984694,-0.6414827455537239,-0.4054781463056879,0.25,2,0,0,0,0,0
189.0,84.83926567499995,80.53999343881361,2.814935272603123,1.042848751743099,1.1804084950590643,48.59650982483642,62.6357247761394,18.6933185254424,15.088176348257017,30.0,28.0,1.0714285331632667,-0.570384985625736,-0.3214834560713997,0.25,2,0,0,0,0,0
190.0,57.930680010247855,59.5104888455064,2.061197085734793,0.6205036314184742,0.7784236375521114,43.766705164394125,73.5290787873174,12.343466001482788,9.973061702739994,40.0,31.0,1.2903225390218536,-0.7162830238070774,-0.510791446770901,0.3333333333333333,2,0,0,0,0,0
191.0,63.21447481634164,57.75351980393709,1.273751094608422,1.0210047808496043,0.7307766211934812,48.21459779992963,60.80106478971302,16.569153397022653,15.487141422405236,43.0,33.0,1.3030302635445377,-0.5601825639110535,-0.4244195212698442,0.3888888888888889,2,0,0,0,0,0
192.0,78.47866057625134,69.95001490212896,1.5088406106241958,0.9034349086742136,1.2497558437914302,48.97144118768536,60.28649625865344,18.08571189155489,15.47833023799141,36.0,32.0,1.1249999648437512,-0.5541211073376472,-0.3573830160044501,0.3611111111111111,2,1,0,0,0,0
193.0,46.47664250284112,46.2644494418775,1.6879104213710177,0.7741040622131462,1.293978012400177,59.63780565997716,65.44208293692967,24.145345024323525,20.71750997846049,42.0,29.0,1.4482758121284205,-0.5791326203687597,-0.4256113430590268,0.3333333333333333,1,0,0,0,0,0
194.0,33.304275577273,37.55181218757457,3.0109751723469844,0.9376437786912112,0.694103349426731,66.19700629189866,74.15229154215223,25.52334104216789,22.918695663735207,1.0,34.0,0.0294117638408304,-0.5861424211044054,-0.4514362620813004,0.0,0,0,0,0,0,0
195.0,51.62355757247333,56.054928021141095,1.6897384323039952,0.8651686553025166,1.489427782617171,56.49931684348826,66.58504750889229,22.359613120373275,18.65103925044636,50.0,27.0,1.8518517832647488,-0.5482415762756397,-0.3714494032727145,0.4166666666666667,1,0,0,0,0,0
196.0,52.43580381013281,64.47973529029085,2.08650605502354,1.0496599079499225,1.1418376697405506,64.17204754628435,74.18354747813571,21.30477974046037,19.167618473575597,41.0,3.0,13.666662111112627,-0.5309633173717122,-0.3684780158358837,0.0,1,1,0,0,0,0
197.0,61.94573543239157,73.94489999885154,2.0821770157360207,0.7407798186757035,0.907627008512634,64.37012083180507,66.97780471799958,26.319798224752283,23.53614120662473,36.0,28.0,1.28571423979592,-0.4797537750726612,-0.2799695217279835,0.1111111111111111,1,1,0,0,0,0
198.0,38.83412348136427,52.02572691336773,1.4888457444130765,0.8845796619764188,3.32486195811285,50.791123235322026,91.09722671600998,9.680305955094456,8.380607115013625,40.0,48.0,0.8333333159722226,-0.7942350237963997,-0.6700239437078244,0.0,1,0,0,0,0,0
199.0,39.920694118301256,48.266601649013296,1.9472933579007208,1.6097227041389095,3.116571210783632,51.91444052973172,84.81038551431774,11.616754858886408,8.327810466075297,46.0,45.0,1.022222199506173,-0.7651330320879599,-0.6127572234549848,0.0555555555555555,0,0,0,0,0,0
200.0,31.784504694901894,55.30896671470995,2.9286310808158142,1.5366189170323608,1.241635131576289,89.64929439024866,128.40856715757604,6.855231110110629,5.667568615284478,33.0,37.0,0.8918918677867064,-0.6192241081132157,-0.3468291902108776,0.0,0,0,0,0,0,0
201.0,44.10662090729515,41.78310859868847,2.158533556010064,1.1283262887937555,1.1229270174636463,68.51446372817819,98.26907208354142,14.045083883471689,11.390208425667106,46.0,37.0,1.2432432096420756,-0.7496242574355109,-0.6116329752276513,0.0,0,0,0,0,0,0
202.0,35.86844158951811,48.34733540168216,2.9913502285361178,1.540686328847499,0.8740832422968069,90.52474530574916,122.51985799086924,10.086463779393371,6.890124294685659,33.0,33.0,0.9999999696969708,-0.6050428216615198,-0.382352685147625,0.0,0,0,0,0,0,0
203.0,50.58593680445728,63.41763717988444,2.7497298382109348,0.8800228337554952,1.4408087621516796,62.30155446152135,83.81034395109955,21.21948390434387,17.38698303692274,41.0,32.0,1.2812499599609388,-0.6340726200755117,-0.3020745545205577,0.0,1,0,0,0,0,0
204.0,50.765311703119664,58.22193812766977,2.3389384602582224,0.9686572410020288,1.327425115111856,64.45523874797985,82.49733193922452,19.15707405986705,16.46700725615288,59.0,32.0,1.8437499423828143,-0.617450362653429,-0.3472232084879972,0.0,1,0,0,0,0,0
205.0,50.18815359457281,50.2528371430477,4.935096570430125,1.3055617446866494,0.7985870825490263,77.16498635345962,84.62112290660508,23.704745559217287,20.5572433687289,42.0,26.0,1.6153845532544402,-0.5686965214533157,-0.2673817402932855,0.0,0,0,0,0,0,0
206.0,41.42693137275606,45.997756818365744,4.293950461035252,0.9558887148277077,0.6797601484367691,82.00403573317102,95.97272995044372,22.43349572273254,19.239527989740697,50.0,30.0,1.6666666111111128,-0.5950434018254425,-0.3179484862750908,0.0,0,0,0,0,0,0
207.0,42.359055093263095,45.03861273708972,3.5061030577263184,0.9423483515341708,0.905717859658698,83.92987721778752,94.0163057472548,22.88092294591571,19.498856180436103,39.0,26.0,1.4999999423076944,-0.5540393806296415,-0.2906718244847292,0.0,0,0,0,0,0,0
208.0,24.683296973173867,30.59392747445186,0.7484902533921572,0.8963425422543557,1.0046799061078011,101.33742629610131,117.42207359940512,12.213722338806242,11.29291404014253,2.0,49.0,0.040816325697626,-0.5321335548036386,-0.3582774613528862,0.0,0,0,0,0,0,0
209.0,26.120100165996305,31.25384103676366,1.115570194802776,0.8017857968960826,1.1659412591353098,95.4257028001589,111.137893111771,12.662776407170323,11.477631752624356,59.0,43.0,1.3720929913466746,-0.562878704094969,-0.3785920034845605,0.0,0,0,0,0,0,0
210.0,39.62711069920909,31.649683606217707,1.7084876338918338,1.0165232544940432,1.4395387601937482,119.54281818063586,127.08227032009827,11.934571433296874,8.510226957642091,4.0,19.0,0.2105263047091418,-0.3567368618469152,-0.19030381814011,0.0,0,0,0,0,2,2
211.0,15.57304903141798,16.05824832857232,1.782558549597174,0.4547254318377206,0.5943721167859445,123.29474814368388,130.05051094206502,13.50580174130155,11.943776177288038,6.0,45.0,0.1333333303703704,-0.3772051640234168,-0.2662265949594108,0.0,0,0,0,0,0,2
212.0,15.36617674297591,19.94703167572013,0.7477382091149922,0.7662725003397493,0.6876785011039493,120.78289619737536,132.44747251816648,10.602287558904926,10.025497932023647,2.0,42.0,0.0476190464852608,-0.4161702188138099,-0.270084288323508,0.0,0,0,0,0,0,0
213.0,77.27941657553602,79.39028703879899,1.1391737168725242,0.85812967960871,1.831354633128536,73.24173140472024,83.0071401187784,22.46510606122438,17.42912120703768,31.0,23.0,1.34782602835539,-0.5233202560996979,-0.2249379681419523,0.0,1,0,0,0,0,0
214.0,65.98320080974979,72.4539232801925,4.059282108964168,0.7963697161840241,1.204644661266557,69.16790253228507,83.84093096135878,18.852376611903047,16.036097441986627,38.0,33.0,1.1515151166207542,-0.5751532459854242,-0.291371829262341,0.0,1,1,0,0,0,0
215.0,71.07031264207498,75.62740942238979,1.0809774619720434,0.8625286969270629,1.8227442895019823,74.93937967696395,85.04533218465644,22.22968133370277,18.222587883251503,32.0,29.0,1.1034482378121298,-0.5417089810292569,-0.3235397587423602,0.0,1,0,0,0,0,0
216.0,69.02571633860973,64.47093941506665,0.8958401864285711,1.1201658952532538,0.9732545095564316,98.55964098156336,91.19832264535782,28.628296525256804,22.242497610405444,29.0,24.0,1.208333282986113,-0.3371228323999864,-0.1293756042673289,0.0,0,0,0,0,0,0
217.0,57.10311476886878,59.96904848783072,2.406842577120384,1.100132558554433,0.9277426475921272,84.18947485475692,88.22191726759795,23.99977255696277,20.974829113688884,1.0,34.0,0.0294117638408304,-0.4443768885977273,-0.2226711825021553,0.0,0,0,0,0,0,0
218.0,60.830678455993166,57.49323778161661,2.283640071658375,1.0433752231686877,0.8244480058823775,99.18346973673468,93.74247180510818,26.77939876413637,21.449491070009927,35.0,25.0,1.3999999440000022,-0.3437856141779715,-0.1337039698611525,0.0,0,0,0,0,0,0
219.0,18.79788419306722,17.533224955966404,1.2673172030795574,0.71617206644151,1.389578426248618,58.46509585255956,82.32745936955264,10.742722233915384,8.631696015387142,60.0,1.0,59.99994000006001,-0.8602578716995969,-0.7733024835747926,0.1111111111111111,2,0,0,0,0,0
220.0,17.77062617956649,16.063361157403932,0.9317040146007982,0.8044838339381547,1.6344211090985192,57.38762721595367,79.4301098580252,11.185895061833053,9.287368130570592,60.0,43.0,1.39534880475933,-0.860249318626781,-0.7635434852484738,0.4444444444444444,2,0,0,0,0,0
221.0,38.64451590631859,33.88476590305719,2.073782819465112,0.7985886613774306,0.8745706035331827,52.76813624358935,75.24615308079424,11.84886697403462,10.3085769437572,2.0,37.0,0.0540540525931337,-0.8451406590925576,-0.702839138295162,0.3888888888888889,2,0,0,0,0,0
222.0,33.56587223154726,37.53777107726465,1.443701045130128,0.6157135309281366,1.278940687512413,76.91941457604257,89.4946407747029,18.66426801788124,17.53206322299813,60.0,38.0,1.578947326869807,-0.5879540924045166,-0.3911709793822328,0.0,1,0,0,0,0,0
223.0,32.02510640133643,36.7097339764001,1.965791982186009,0.6379032416151135,1.5957457656808889,82.10253299963854,94.70113879788408,16.26071324126674,14.926675326565825,55.0,40.0,1.374999965625001,-0.5612682868893885,-0.3508949605849976,0.0,0,0,0,0,0,0
224.0,42.782265152137,50.90144280148637,1.3166854283970624,1.0927273561058932,1.2446547631987424,80.69491856685114,90.9948144160304,18.036175426758625,16.41694216471909,3.0,37.0,0.0810810788897005,-0.5100884977793039,-0.2484996823676322,0.0,0,0,0,0,0,0
225.0,59.3269936076712,63.58315453242599,0.9644486824124756,0.8403568100257202,1.7256896822646532,53.89420743794543,74.71073099852069,15.605122141146078,13.724098532482694,40.0,29.0,1.379310297265162,-0.6774120651488802,-0.3548979224890425,0.1388888888888889,2,0,0,0,0,0
226.0,59.118236887987806,60.926639826196975,1.4013854830297614,0.8868694191042462,0.8411006034349771,55.16089658126268,74.2579287943391,17.020435933740565,14.595316570324066,36.0,36.0,0.999999972222223,-0.6890391366223384,-0.416401291038365,0.0,2,0,0,0,0,0
227.0,61.55397374479563,67.51603473864839,0.857333549559544,1.3435358378802529,0.6930262234295077,59.75653358140036,76.26871963910284,17.286785070979235,15.220267673470785,40.0,28.0,1.4285713775510225,-0.6226427476658167,-0.257317796215509,0.0,2,0,0,0,0,0
228.0,70.23494378806029,69.76348071425446,2.1947036792543213,0.6711935888002597,1.277320488042856,67.37156600258177,74.34159521139304,20.59749007686587,17.521305452104627,33.0,25.0,1.319999947200002,-0.5655990184929216,-0.2090870774029127,0.0,1,0,0,0,0,0
229.0,66.77247128963137,65.3126349496118,1.9275730330222112,0.5961014986209944,1.1878322169900035,66.51977284799221,74.26782727810254,19.920609034864743,17.295422270688796,35.0,25.0,1.3999999440000022,-0.5931059087737126,-0.2741145753394394,0.0,1,0,0,0,0,0
230.0,68.83994234787069,72.95032116139191,2.4976596535341224,1.2489266881371162,1.1453993205913395,67.88371361927972,74.67341009878358,20.95989031207669,18.73640080558297,41.0,25.0,1.6399999344000025,-0.5739317172238619,-0.1736840661591844,0.0,1,2,0,0,0,0
231.0,59.22882410910651,80.66899019501156,2.761949745808136,0.9295384799425004,1.2001929451134514,78.24926775479517,112.57930955581344,13.68193083398496,9.08868608638656,25.0,26.0,0.9615384245562144,-0.6845097073796198,-0.3557627642873397,0.0,0,0,0,0,0,0
232.0,19.610741620010455,34.972945669677216,1.2504614035041102,0.943269409809242,1.0251165208650646,111.531925719045,147.87128433522008,1.2016544267445182,0.4874376653227941,36.0,26.0,1.3846153313609488,-0.5777970126739853,-0.3943118179365137,0.0,0,0,0,0,0,0
233.0,32.98140194032567,49.88218517565616,1.2598023321920668,0.8739402359694174,1.2750500294848028,86.55299885311047,124.50614524244703,8.944855020761644,5.72156791922562,37.0,25.0,1.4799999408000024,-0.649556245726025,-0.4560736623616894,0.0,0,0,0,0,0,0
234.0,15.087857300915717,33.29342345796627,2.6591322722789976,0.8149069007768688,0.4192412411138009,110.69472145848562,150.7808510691793,1.3146170548186666,0.5464870261915675,31.0,3.0,10.333329888890036,-0.585281172715381,-0.4388419754911185,0.0,0,0,0,0,0,0
235.0,17.326322478719078,30.21052710707218,2.3447414705200558,0.7179143970818859,0.8395607588180695,107.81854150354071,146.23264338770144,2.261805461444432,1.1809027087066293,35.0,31.0,1.1290322216441218,-0.5903634318451307,-0.4933716143304521,0.0,0,0,0,0,0,0
236.0,19.84511383882807,37.73432965050438,4.370462117780401,0.797364563287636,0.7509163781840522,123.38237421038536,155.270154175747,1.5743859303703027,1.0268375838323354,42.0,22.0,1.9090908223140532,-0.4436229316122863,-0.1680807712911414,0.0,0,0,0,0,0,0
237.0,87.51316742616008,102.31586130461817,2.6422109136210854,1.6853600553267916,3.5496122307272544,54.96960621132638,79.91239205852635,10.977704842912088,7.78378481218751,27.0,25.0,1.0799999568000016,-0.6146844253374947,-0.2799393937890105,0.1388888888888889,2,0,0,2,0,1
238.0,90.41320478272188,107.93184137234869,2.5211473934527118,1.6747755940673237,3.235078141914623,54.70416379692863,79.98030471845168,11.881622332344053,8.267678175811822,36.0,26.0,1.3846153313609488,-0.6086608656111651,-0.2095300663556186,0.1666666666666666,1,0,0,1,0,0
239.0,70.73708840885276,80.91846274924875,2.9443814400764605,1.353105721022162,4.08253617414382,54.51587217490864,77.28892050779719,13.085999496651809,8.452508507971839,35.0,29.0,1.2068965101070168,-0.6700503801154049,-0.3797399697433316,0.25,2,0,0,0,0,0
240.0,65.92803864037346,83.12189390410882,3.9844796609662194,1.383163336172757,1.0611684999148756,61.14810964559357,89.5429985791556,13.986512904331391,11.048283320560044,36.0,23.0,1.5652173232514206,-0.6195496419290518,-0.1990746757338584,0.0,2,0,0,0,0,1
241.0,76.73955021646805,94.34530412440232,4.464498520108782,1.510166933706688,1.049786566611928,61.45618320707565,86.1388951571362,15.019168247618069,11.228060577021624,27.0,24.0,1.124999953125002,-0.5849630088789763,-0.2138619866036977,0.0,2,2,0,0,0,1
242.0,54.1049557699854,70.21863138497629,1.7637030306406405,1.524910213615711,0.8178446318021635,68.78864131621272,95.617959436342,15.494016593918465,12.146615129653362,40.0,25.0,1.5999999360000026,-0.6241212458972574,-0.2439141921690676,0.0,0,0,0,0,0,0
243.0,67.18707342471481,76.66670107893,2.775415086942424,0.8002054684307781,1.3122912076520072,48.95882486459072,76.04493498804558,16.179830854018714,12.08998048112019,35.0,31.0,1.1290322216441218,-0.726133260701354,-0.5051484975399362,0.2777777777777778,2,2,0,0,0,0
244.0,76.75844141378647,87.56989903194554,2.6808659349498627,0.8823793040303709,1.770452242263686,45.10118667904996,68.68464079703463,13.69367124315309,10.72582365300048,31.0,29.0,1.0689654803805009,-0.690101894057682,-0.4505389729800632,0.3333333333333333,2,2,0,0,0,0
245.0,68.98566920237575,73.57830622725662,4.179122781645999,1.648160274258524,1.1948021865348328,52.026241554112445,75.0319423847629,13.759137775970055,9.540573420101252,35.0,31.0,1.1290322216441218,-0.7033090652687748,-0.4621049714399218,0.3055555555555556,2,2,0,0,0,0
246.0,66.1916890934331,72.32850147123568,2.156109611916852,0.8690830608475008,0.742199107099752,53.77544143827911,80.48059615758956,14.982505871843266,12.860805294466708,38.0,28.0,1.3571428086734711,-0.6725272629559016,-0.3395501228696684,0.0,2,0,0,0,0,1
247.0,82.74798814336233,91.8610679190494,4.314620953529959,0.9865686155098308,1.223059573703057,52.09505065974753,76.19205724511008,14.138095942558513,10.965210893621094,31.0,27.0,1.1481481056241445,-0.627581696599214,-0.3538333466680957,0.1666666666666666,2,0,0,0,0,0
248.0,86.03169639736831,91.85814496805712,2.6307734334515347,1.4808253040214854,1.234454690704433,48.399064351733465,74.36674100062208,13.92062794768577,10.58903931294126,31.0,27.0,1.1481481056241445,-0.6524435068699794,-0.3669994289145761,0.2222222222222222,2,2,0,0,0,0
249.0,50.99304493531231,67.86907617676206,2.459589391601784,0.5959557317078994,1.0718070368626138,81.51196274513731,77.4430148673742,35.546403435253225,28.53834103346215,41.0,38.0,1.0789473400277017,-0.4390741428278181,-0.1665372282732116,0.0,0,0,0,0,0,0
250.0,55.48056106792819,54.5310751142857,1.584326054224681,0.9649637954757502,1.2449837982184917,88.39314090661759,85.34355130685711,27.8123741001965,22.748856906330012,30.0,26.0,1.1538461094674572,-0.4546582030374005,-0.2488978893260404,0.0,0,0,0,0,0,0
251.0,65.34927683783198,65.40621778868912,2.7005741610731477,0.71343369366863,1.7306257433459575,88.09114795528804,86.54377787765353,25.775016230552623,21.05736695427085,26.0,33.0,0.7878787640036738,-0.4564786323654805,-0.1988301379369879,0.0,0,0,0,0,0,0
252.0,47.046125499202105,64.89269062799309,3.553885325303251,0.8840465780503273,2.199238511242797,74.53920633139305,79.42548135804658,29.83168873752521,25.871935696205504,38.0,36.0,1.0555555262345688,-0.5265055040741321,-0.2592815827845695,0.0,1,1,0,0,0,0
253.0,66.2546466523038,81.97101018443526,1.366810223699144,1.4896219786373548,0.7235454318652319,68.49574222475245,73.00150480663704,29.106951302830407,23.2598267762451,31.0,25.0,1.239999950400002,-0.4897394726648303,-0.2270564726044035,0.0,1,1,0,0,0,0
254.0,78.58231634429134,82.62034894175353,2.5943565762606733,0.9272541698255276,0.8198225478464634,66.77042294909488,70.11775044112713,24.59040931764917,20.26294880817357,34.0,28.0,1.214285670918369,-0.5170202434853747,-0.287058343711984,0.0277777777777777,1,1,0,0,0,0
255.0,41.91991311043155,37.17072371310736,0.9482351290888528,0.8217781271439504,0.5588022593810512,79.24424941476362,81.99728870214378,20.151544365685403,18.95291372703995,49.0,4.0,12.249996937500764,-0.4791910851145894,-0.3512167878259337,0.0,0,0,0,0,0,0
256.0,35.52190807233606,36.13824538923024,1.3930238564812745,1.0665999305310134,0.7810576684012701,68.19406751318786,69.17450028523064,22.387196371574703,20.92372121888914,52.0,40.0,1.299999967500001,-0.4704128792028766,-0.3100566293616723,0.0555555555555555,0,0,0,0,0,0
257.0,43.40604998986532,45.373296308103846,1.0513522935546742,1.0987401257795926,1.2442643886134808,71.29427341189741,71.03906225558337,22.195268499767728,21.29892598780676,52.0,37.0,1.4054053674214766,-0.4571315805670541,-0.2593790204620636,0.0,1,0,0,0,0,0
258.0,44.8877008409621,37.81707644879703,0.6617477544525313,1.0113377554026275,1.168087775773442,60.04768204400458,74.80059830445039,15.612615428636474,13.324294134995917,3.0,42.0,0.0714285697278912,-0.6326295512285616,-0.4491167882297938,0.1111111111111111,0,0,0,0,0,0
259.0,36.24567560357144,38.06908436255918,0.8154031465406986,0.6884068756415349,0.7509404346357769,73.98802581212485,87.82497463992055,18.656001128490047,17.405870326021994,6.0,52.0,0.1153846131656805,-0.5849738094234136,-0.3513860335533793,0.0,0,0,0,0,0,0
260.0,44.18189790906433,41.61647246617467,0.7636946448870306,0.8171911378872087,1.4032836092029222,77.1216388091145,88.34425410788785,17.741825790729827,15.699978808177557,2.0,42.0,0.0476190464852608,-0.5349461111296078,-0.3482987790718568,0.0,0,0,0,0,0,0
261.0,23.900768870380745,40.12169072587616,4.569201141487747,1.1257547731565545,1.2915171689156657,133.35462499254643,154.42960011797015,5.8382337230561,3.778189546374674,20.0,18.0,1.1111110493827194,-0.3043808665984288,-0.0765276077522103,0.0,0,0,0,0,0,0
262.0,28.23329779160275,43.02504677277483,3.472991248004841,1.2132611460041658,1.3346790692378347,132.94732813196163,150.94340369628767,7.023968422627126,4.6945147425857385,22.0,16.0,1.374999914062505,-0.2740564343412589,-0.0557781054402419,0.0,0,0,0,0,0,0
263.0,30.7117023086964,40.35603778830784,3.8462435930925727,0.776872139042211,1.0891303294108965,123.5992572447902,138.1615243427129,10.9720857875516,8.484070891710001,1.0,21.0,0.047619045351474,-0.3462808691661108,-0.063158000433224,0.0,0,0,0,0,0,0
264.0,22.80931482475377,34.41786719983682,1.3839835246742658,0.4675750791799966,0.7298311285670808,100.36224026451166,123.56723180764916,10.5777542573385,9.609938151132116,55.0,30.0,1.833333272222224,-0.5166559395632864,-0.3656546691353454,0.0,0,0,0,0,0,0
265.0,16.908455459076862,26.172099026374752,0.8496026645910864,0.5089406040483979,0.6023222265142468,112.67823091160167,132.22156987096056,10.549099604292913,9.6152386074596,55.0,28.0,1.9642856441326555,-0.4471561272193894,-0.3397563724025024,0.0,0,0,0,0,0,0
266.0,45.04711728944872,35.785586902070335,3.884347986884799,1.122858391331896,2.253624675273908,88.15401760446655,86.09731370842493,18.552204430279787,14.075705097393392,40.0,59.0,0.6779660902039646,-0.3177159771933109,-0.0432927456172964,0.0277777777777777,2,2,0,0,0,0
267.0,9.291045148558936,6.210735296898548,4.238145179131166,0.7532723724180815,1.1610712723316607,170.93263416896568,165.47578536567386,15.706615960655927,6.971542340716814,2.0,9.0,0.2222221975308669,0.0224204952366029,0.2322382168506916,0.0,1,0,0,0,0,0
269.0,143.7139781778672,152.88570975201787,9.197204221103688,2.480441356129149,9.610776350047397,9.77990558599651,18.36132894366316,10.978803504517243,6.802757604441285,22.0,19.0,1.1578946759002802,0.502028660356985,2.288657673899672,0.6896551724137931,2,1,0,0,0,0
271.0,64.9560613346936,55.217675174193005,4.503580134053145,1.7654242735541656,7.291267431515004,56.46160887753558,61.54130016243643,26.14886356565369,19.563569344620905,40.0,37.0,1.0810810518626743,-0.5172644508329634,-0.4533276039916112,0.4444444444444444,1,0,0,0,0,0
272.0,40.0074655753897,34.98397036403702,9.534883876291078,1.8148080289262296,2.105639728106185,89.88654132644987,94.30807799801734,17.88036129145864,13.910518620929953,34.0,31.0,1.0967741581685757,-0.3356182620895616,-0.11318621249572,0.0,1,0,0,0,0,0
274.0,27.881676638617197,43.33353913174653,4.586948610602229,1.97203004027932,4.64344712209792,133.96896598161476,150.66099103643057,7.369685397066927,5.146246452985226,6.0,7.0,0.857142734693895,0.0299803038996571,0.543894091851791,0.0,1,0,0,0,0,0
277.0,59.89858004057524,50.94113140358252,3.482845926565393,0.5639698291460871,1.1586452870029509,71.45965496459755,70.03139127648964,24.45605511683664,19.393054812746517,34.0,41.0,0.8292682724568714,-0.4703642515330396,-0.3766852844655824,0.1388888888888889,2,0,0,0,0,0
278.0,61.08043729330392,66.4961346012726,4.174727936436998,1.199324649287042,1.5926426175424413,73.7805383221067,76.32638116919874,22.633306207073257,20.382986972744945,35.0,31.0,1.1290322216441218,-0.5379090522798949,-0.1897448657858297,0.0277777777777777,1,0,0,0,0,1
279.0,64.23253823231842,60.17345461759143,7.0007278354355975,2.455460678201721,3.306439085027636,76.47428401879151,74.07694017868538,30.588347073328155,22.376353366245723,32.0,46.0,0.6956521587901705,-0.3295922608502792,0.1518326654194405,0.0555555555555555,1,2,0,0,0,0
280.0,52.06741758848979,57.689525603102986,16.553545171149363,0.9691853676226028,1.6324433510989933,63.572654210589526,76.50887381165553,26.39527165506432,18.90624295591074,33.0,46.0,0.7173912887523634,-0.4753275857700452,-0.3144859568551169,0.0277777777777777,2,1,0,0,0,0
281.0,66.30399718069862,61.658686537695246,3.1854722972605134,0.9822575982849742,1.3088849811429089,55.06663366931241,64.68532105230705,19.083545360349262,12.527983884771777,23.0,31.0,0.7419354599375658,0.4416087606539424,0.5722844184079088,0.3928571428571428,2,0,0,0,0,0
282.0,50.58287105499977,67.94925744738059,11.251593064407125,8.234545503715726,8.163355959690513,110.62145070560014,125.22518685222708,8.13471115881995,2.6761034701747266,19.0,20.0,0.9499999525000024,-0.1603375333783933,-0.0711576074777383,0.0,2,0,0,0,0,0
283.0,28.266783308494297,39.53185507803903,7.879849640017141,1.2856677274329276,2.294027211493531,105.80370164221684,126.32801759691476,7.545576071434192,5.3818000025108566,36.0,15.0,2.3999998400000107,-0.3854786017490663,-0.1826307732090678,0.0,0,0,0,0,0,0
284.0,65.96065574555497,70.6541558848684,24.474712948010943,1.29161173265545,4.122254567889378,77.50041835996348,83.85804444948734,24.665515218127005,18.39759474407269,8.0,42.0,0.1904761859410432,-0.4151635166747202,-0.2693888959909055,0.0555555555555555,2,1,0,0,0,0
285.0,7.572502366562588,13.758308919152595,4.766256783172428,5.583243625907011,5.598472759465084,144.25645747447254,156.1014375586522,5.804900195751745,5.160223961608038,0.0,10.0,0.0,-0.2794849651187504,-0.2012565828504132,0.0,2,0,0,0,0,1
286.0,81.70759673866178,87.15661247209442,3.4458610189685004,1.5539039514561366,5.251895285213558,84.02551528495002,94.76350661965094,20.13497460799295,13.74296192536231,18.0,32.0,0.5624999824218756,-0.4916821340081763,-0.1336882645745268,0.0,0,0,0,1,0,0
287.0,74.15380077012358,74.92232338187121,5.7739442976713065,1.1926487399130088,0.9678865479491356,45.19842724229434,60.01289316072976,19.08843254259812,14.982076633424624,39.0,6.0,6.499998916666847,-0.7214964002274263,-0.5014740550785302,0.5277777777777778,2,1,0,0,2,0
288.0,70.15540359129753,69.19825379892029,1.1611574722528606,0.4951318733432135,0.9251127456301078,54.08777639817147,62.19000444453584,17.230791337492914,15.467282759140138,8.0,27.0,0.2962962853223598,0.467893483124723,0.5205070745417137,0.6388888888888888,2,0,0,0,0,0
289.0,9.08842302266784,11.47343112565079,2.1103654307044257,0.6042028595260004,1.0012702347746842,51.68304037828463,57.189667711138384,19.6896908846191,17.360846016244327,60.0,2.0,29.9999850000075,-0.3199053596138286,-0.2498936780265347,1.0,2,0,0,0,0,0
291.0,35.49907035767319,46.414966440780205,4.096566039511955,2.947894647090907,2.4749701711803724,58.29861975442495,86.24554263776832,14.38238608987566,10.499474723744155,35.0,41.0,0.8536585157644265,-0.5551594597926286,-0.4462732396697542,0.0,1,0,0,0,0,0
292.0,79.70060268278988,80.95337058896624,4.789073684802567,0.6442917246602792,1.5266997954100825,56.70897855660309,47.00705508790663,33.10579089967209,28.68398558877749,31.0,27.0,1.1481481056241445,-0.4082794669792168,-0.230842259353599,0.3055555555555556,2,2,0,0,0,0
293.0,95.4575205365198,93.16770852793168,1.5340313449584717,1.2885357742415509,1.339558657947557,51.92704017814612,64.97434701530585,12.252603325635734,10.354730779201684,37.0,1.0,36.999963000037006,-0.8812048719323289,-0.4530444604869525,0.3888888888888889,1,0,0,0,0,0
294.0,30.24396042752622,86.84276130924269,5.995438217882996,2.262860286040015,5.75969507397268,70.30558347085633,127.590564788582,12.56732069322768,8.649002287457058,1.0,9.0,0.1111110987654334,0.0098943690038325,0.8373593025565459,0.0,1,0,0,0,0,0
295.0,52.15926454364412,48.00759869116371,5.915741878827256,1.3167314657836635,1.821641105089001,50.30792250180221,62.10716629041607,4.25157915031248,1.8029511836372991,1.0,46.0,0.0217391299621928,0.4287735473164789,0.6861660094171995,0.6666666666666666,1,0,0,0,0,0
296.0,77.77938432844951,46.63614963654216,7.050071837494797,2.736629929693829,8.2971930165609,87.27827883716104,34.18460711047096,71.87926182722057,55.09848506877405,15.0,4.0,3.749999062500234,-0.7005163528137845,0.1822190577511406,0.0434782608695652,0,0,0,2,0,0
299.0,20.44447343125725,56.91120681802892,3.425862970889761,4.166743646753691,3.2814587838645317,105.30819868780137,153.88259772032924,23.936536516290158,20.05771274255305,8.0,4.0,1.999999500000125,0.1056741497632908,0.764494791222467,0.0,1,0,0,0,0,0
300.0,68.18361302534409,74.63569805680453,13.611969710568005,2.0135420109454745,2.146926394589717,48.60830647727735,69.10087914678509,18.224798146296298,13.079706599540852,31.0,31.0,0.9999999677419364,-0.5546288938725259,-0.4601399382576542,0.3055555555555556,2,0,0,0,0,0
301.0,46.71660570806881,61.553226343138064,40.10848320160352,3.60622865504619,7.09522024230182,110.6054488350918,130.83343891544922,56.38838592610054,8.63553100777335,13.0,6.0,2.166666305555616,-0.1525091337807997,0.3564804017033685,0.0,1,2,0,0,0,0
305.0,22.49950226605131,19.008924653707908,5.658689222251764,1.0722871438120247,0.819517235350966,81.19704170274935,101.54604309117902,10.54367380596246,7.93964912365797,7.0,48.0,0.1458333302951389,0.6047392681094653,0.7285993346618256,0.0,2,0,0,0,0,0
307.0,37.88006517760492,80.69434496599499,7.221789483741981,2.752653331019205,4.850242025346857,57.99529935056305,77.36808047543862,74.91675258874588,15.840958648312949,4.0,1.0,3.999996000004,-0.5279846832780182,1.0787310535153598,0.5555555555555556,1,2,0,0,2,0
308.0,34.315626758441326,39.64265934110532,1.025671917402526,1.48522260075646,0.4458924222866277,50.535507755154775,48.22291877515396,26.59542354236706,25.018939839129494,49.0,35.0,1.3999999600000013,0.3351308869109493,0.3969242488167248,0.8055555555555556,1,2,0,0,0,2
309.0,71.21351406670989,67.30861227053666,18.65104671910664,1.3466908943701583,1.3059310908709505,83.77855819980704,93.1788103041056,27.822561084635037,18.192015225558254,11.0,9.0,1.2222220864197684,-0.5896612452481083,0.1044639016829535,0.0,2,0,0,1,0,0
310.0,63.32625416356549,75.41992755345467,2.5084373507420654,2.633412294784578,3.590194640452381,63.17549474325335,77.65250147808422,18.99371395766833,14.15853841860273,33.0,20.0,1.649999917500004,-0.5020572699300825,-0.1486151122883768,0.1388888888888889,1,0,0,0,0,0
311.0,58.69784837949146,61.06000921402577,5.258533461044527,0.9402683335725684,1.0846611812710996,73.42681794854443,82.05927223409014,14.039515595397216,10.553776822860392,3.0,25.0,0.1199999952000001,-0.4274077936753878,-0.1766695021002201,0.0,1,0,0,0,0,0
312.0,15.662789154202258,17.19555535149786,1.6389653077849102,1.008195263840401,1.1449186815788628,101.28731839253236,114.9191532609358,7.296402308880679,6.075706815799379,2.0,24.0,0.0833333298611112,0.3308481079399733,0.4292861927290831,0.0,0,0,0,0,0,0
313.0,33.61554052498707,34.0259742631126,1.411088975641282,0.959100086173966,3.610809637699031,97.19455481802648,108.89181333077472,13.750963345188918,12.08149904036409,40.0,41.0,0.9756097323022016,0.9694878655372876,1.0514744032275485,0.0,2,0,0,0,0,0
314.0,30.978514459811294,40.89607478707343,12.747042810038506,3.592804538116262,5.7871874312040905,103.71321570568088,137.90393285530786,13.88528273485544,6.73784558352441,25.0,30.0,0.8333333055555564,0.641848764994146,1.080282651037365,0.0,2,2,0,0,2,0
315.0,126.28776685847596,124.17667001846311,19.7272735917982,4.217135750530586,8.07589696301377,35.56442624007306,30.525276973541697,89.99231987463307,55.124194664812734,11.0,9.0,1.2222220864197684,-0.6043815794705315,0.4639130980448052,0.1666666666666666,2,1,0,0,0,0
316.0,33.17415656178683,55.808905246249566,13.352635084660376,1.4077751166729031,2.6012937807032808,83.99684479220792,96.32537838192214,21.18521869191288,16.42248099651619,33.0,25.0,1.319999947200002,0.3762215888637327,0.5915981664800866,0.0,0,2,0,0,0,0
319.0,123.55072204287872,116.64408747267518,15.347645433228308,1.5052769465188909,5.567342076909839,45.62633739536552,37.80988543089663,83.31413396517073,78.95637333800174,2.0,7.0,0.285714244897965,-1.3542223118764682,-0.1010704867983591,0.0,2,2,0,0,1,0
320.0,25.95410127836149,27.17520147855525,2.019711258906128,1.3546137278613144,0.6508807621430734,57.01273216010004,69.04684890982713,20.776964508673544,16.511854845159263,1.0,30.0,0.0333333322222222,0.3796952592859582,0.4220181930609927,0.3888888888888889,1,1,0,0,2,0
321.0,44.425513723349226,47.34145246982874,5.968125200921695,1.273466176908228,2.146320251550674,51.48784105205701,45.653845386874806,45.21789187799076,38.15385735036143,2.0,43.0,0.046511626825311,-0.5052107719534269,-0.4178524540401657,0.1944444444444444,1,0,0,0,0,2
322.0,53.81211955869578,52.28209885879411,1.420278643389348,1.6082687120387906,3.427621996177559,57.38443818251552,76.26013704314276,17.937307209551612,13.33259480945865,33.0,39.0,0.8461538244575944,-0.430507788579199,-0.2806104904729877,0.1388888888888889,1,0,0,0,0,0
323.0,54.588504663130536,50.426299395351634,1.7579548901477944,2.843493488081697,2.7820091221149563,85.17594846719379,99.27595070777004,13.292376164684738,10.25650436200674,39.0,2.0,19.499990250004878,-1.0095492067004983,-0.5061084616931852,0.0,1,0,0,0,2,0
324.0,54.1406476386594,65.62782593644181,2.1923088062064986,1.3843819798864367,2.655572265539116,37.57609165934294,71.97945825817183,22.59793500939795,16.465836708201824,33.0,33.0,0.9999999696969708,0.5971892188899995,0.8273446178096346,0.0,0,0,0,0,0,1
327.0,35.23495733239328,81.94025844164935,2.586251141315167,2.460413988061314,8.603101913485887,47.20130857924562,89.25606883873975,88.36330787873621,86.54049983182821,18.0,5.0,3.599999280000144,4.627527426221425,39.454025104897234,1.0,2,1,0,0,0,1
329.0,45.65493504239549,54.54835824808015,0.8827828077051584,1.3254516408662589,2.004072759894365,50.76546880721841,70.79114441845469,14.171231413143142,11.092968555672812,41.0,55.0,0.7454545319008268,-0.4429468405917879,-0.26536418255334,0.4166666666666667,2,1,0,0,0,0
330.0,72.82656034032019,78.67252352535246,7.124068323211362,1.5505689108501726,2.82362299062442,50.390598789564194,63.34063263485418,25.62831570562982,18.328600512954267,27.0,28.0,0.96428567984694,-0.6111597319120989,-0.4569787162647616,0.1944444444444444,2,0,0,0,0,2
331.0,0.6274620788207699,0.4613609906256783,0.8156277389180285,0.141755096287228,0.1079678649858078,174.6064736121881,165.32664703122566,4.200311403234082,4.037973166374078,6.0,0.0,,-0.0852495901897269,-0.0836110695390521,0.0,2,0,0,0,0,0
332.0,37.46762238834546,58.26338357650528,5.112401480524637,1.6679198904816404,3.57547159672197,78.82250475565988,89.64433776216066,19.267480459400957,14.903772641468445,32.0,49.0,0.6530612111620161,-0.2806192177564517,-0.0273147476618527,0.0,1,2,0,0,1,1
333.0,56.88097086927459,65.96645050768967,3.886232861126868,3.1568959412029653,4.86279769326366,45.18023354600708,64.51397021403574,19.08116923206777,16.26252985774751,30.0,32.0,0.937499970703126,-0.3578145112956375,-0.2732242275321849,0.3611111111111111,2,0,0,0,0,0
335.0,43.29603024997042,37.16290467370061,5.497498743683275,1.1534962295457707,4.79738059510002,45.70714861153069,59.63082978474454,23.265569585586334,20.34651805943809,42.0,41.0,1.0243902189173115,-0.6154215840894339,-0.5907071554296499,0.2777777777777778,2,1,0,0,0,0
336.0,42.63042163714509,51.27974768269708,3.030835346750804,1.5034189309531396,1.354376706267437,41.38696023976563,57.842175905610304,20.92665507962731,16.216142324254875,37.0,19.0,1.947368318559562,-0.4077007505976444,-0.3359573122777701,0.5833333333333334,2,2,0,0,1,0
337.0,93.05032145524332,117.76049744000416,3.163325144374558,3.948350302060603,3.940110798615936,44.3333132118056,68.77598042066053,17.281047946605675,9.977356492244466,19.0,22.0,0.863636324380167,-0.4395085592139194,-0.0123115584193727,0.1944444444444444,1,0,0,0,0,0
339.0,24.364477477548547,34.596892924143305,3.096811642610229,1.0266503805551046,2.9056648512331567,67.79373789549184,73.40570789286348,25.23105935227997,23.09224742691769,44.0,44.0,0.9999999772727278,0.4194088313004202,0.4729980515141337,0.0,0,0,0,0,0,0
341.0,82.74363229514137,105.84190456031112,1.3207615664946448,1.4615322373886332,1.3422715316030855,51.13728345123609,76.49678228107462,9.605163270099489,7.212819196635368,58.0,33.0,1.757575704315888,0.5605646293151445,0.8686555747568797,0.2352941176470588,2,2,0,0,2,0
344.0,2.4576653103696917,4.110033068107285,1.332461981056186,1.5460145736117614,1.4316978036119687,70.75320738459746,108.181650791318,23.036544438157485,19.497507269117456,36.0,59.0,0.6101694811835682,0.5600918162794759,0.6063922813057497,0.0,1,2,0,0,1,0
345.0,34.85249251523216,22.830105153528137,8.501957748138219,0.9929492035701316,3.901122168824639,76.42898170669554,83.86153642582319,17.52491306539358,12.580527369376991,3.0,28.0,0.1071428533163266,-0.6170114754126896,-0.4060603949324794,0.0,0,1,0,0,0,1
346.0,26.254046507242776,42.98175567374683,3.0580334490003604,2.3770084321161544,1.3424910228079332,115.13623080389117,143.59515787474731,8.08769458886281,5.090399345095409,17.0,25.0,0.679999972800001,0.0305505591633068,0.7393135077809775,0.0,2,2,0,0,0,0
347.0,78.76239503012116,70.19220615444085,7.617983342753098,1.585969188326605,1.82193652443175,40.08904569366727,41.61360093772379,25.74867523844361,22.70946776586519,6.0,39.0,0.1538461499013808,-0.7324086041043074,-0.574859666903527,0.5833333333333334,1,0,0,0,0,0
348.0,69.23985515282966,64.86533261880625,13.029270809392305,1.6524092018881424,1.0214456963538106,46.69260997571239,47.44590168911532,29.20405950780372,24.47691496202352,41.0,45.0,0.911111090864198,-0.737024696382929,-0.5708094365651424,0.5833333333333334,1,0,0,0,0,0
349.0,82.19834402237191,81.99117940326767,4.204134654263224,2.155870753336858,1.451697007978129,80.01464673610303,80.59099684681925,17.967496742729853,14.45908943480962,26.0,24.0,1.0833332881944462,-0.4043426220548438,-0.09474557139068,0.0555555555555555,2,2,0,0,0,0
351.0,39.29802829761539,53.77480083390621,3.9109872302151607,2.4588233929931227,4.335165338860924,105.08233792147468,124.78006904404796,16.979341191439737,10.995134802694714,6.0,8.0,0.7499999062500118,-0.4075638425677867,-0.0663297869584475,0.0,2,2,0,0,1,0
352.0,46.11323650904832,45.62222778569904,2.3804830850337337,1.508885291751487,3.2095281510184197,91.9554177521477,112.26704923349124,13.148138047326974,6.997934595550183,3.0,24.0,0.1249999947916668,-0.5932236206231565,-0.4192667282113598,0.0,2,2,0,0,1,0
353.0,68.45985007746181,53.73039355161428,5.278147770569956,0.9292005072528492,1.5959336175264722,60.33281382430796,71.01729571504221,22.139752278584748,13.384514327390985,39.0,25.0,1.5599999376000024,-0.5668200975388349,-0.3666357644571336,0.25,2,2,0,0,1,0
355.0,66.71821346770531,65.99043692445046,7.276524800454649,1.4723083709511453,2.1848796210026045,74.61242818575805,78.5191423218792,14.144154178114311,9.66295339442219,17.0,35.0,0.4857142718367351,-0.5479954300219454,-0.3186979499748176,0.1724137931034483,1,0,0,0,0,0
356.0,44.64614982089684,36.51206839952286,39.20113651715595,1.1729100193117057,1.2868023438682028,79.73063817443676,88.95338313093488,5.007280112714385,2.758977397295192,21.0,32.0,0.6562499794921882,-0.4512739383871753,-0.3870510784169644,0.0277777777777777,1,0,0,0,0,0
357.0,8.362145360908002,4.358989138260881,0.8508773567577159,1.4474063440282097,2.1808260320550223,52.39489065535264,63.26847704483923,21.85014252858299,20.671051149287624,32.0,27.0,1.1851851412894392,0.500174872972053,0.5220924211205094,0.8333333333333334,2,2,0,0,0,0
360.0,18.63463214595457,25.73301865758233,20.676712034343826,2.055091561276777,2.5681307428768507,48.09766142573959,80.4771894276938,10.374423414114457,5.118798499429547,4.0,38.0,0.1052631551246538,0.6740825451738126,0.865298610898398,0.24,2,2,0,0,0,0
362.0,53.76079533118782,51.28025805472619,8.771325052864922,2.1177571853187787,3.219098318427373,70.35001390456873,80.09765798768355,22.32575628390244,15.827812713944146,34.0,7.0,4.857142163265405,-0.6143811598216673,-0.4601496991350332,0.0,1,2,0,0,2,0
363.0,63.6278746483073,44.5370062824416,4.196930600685746,0.9124756196799462,3.322519671877852,43.17513343948737,41.5804890451646,13.595191249207913,11.419360525661268,45.0,1.0,44.999955000045006,-0.4548291190489776,0.0122784295471468,0.5555555555555556,2,2,0,0,0,0
364.0,36.48790305631239,30.150122295953395,1.2310181059220913,1.517811671655797,1.8013165389006605,91.87799314520797,83.62278793272144,28.40878776548417,24.998647106422847,51.0,24.0,2.124999911458337,0.3093118459346499,0.3953070117746508,0.0,0,0,0,0,0,0
365.0,124.59470718976728,107.11622416690788,8.031606805945335,2.213896675076777,2.217627252377136,18.034176662318185,18.758425447921574,15.63280122578286,12.002970780338549,2.0,59.0,0.0338983045101982,-1.7109774477813045,-0.2009886823562056,0.2222222222222222,2,1,0,0,1,0
366.0,28.113577917876228,31.462298477701157,3.0369832986647314,2.6416694506587763,6.598809647716592,138.8555873210699,128.11891564488505,30.345036428170047,21.673114650374828,9.0,10.0,0.8999999100000091,-0.1752812781170881,-0.0153626985824221,0.0,2,2,0,0,1,0
368.0,13.540843117622934,17.611679660175,0.6850957661463132,1.203624421625023,0.7691470200743082,79.10397907001267,62.889074310954506,34.02541205566428,31.97928228457692,36.0,10.0,3.5999996400000365,0.2206983552013245,0.2973390868045908,0.0,2,2,0,0,0,0
369.0,43.75229619845308,54.32087369963263,2.9699430291194706,1.4112991147265743,0.7843086754539137,49.12644867384664,73.70238983872616,13.507119055375808,9.212357092103357,56.0,46.0,1.2173912778827984,-0.5451438074316364,-0.4676800765409735,0.3055555555555556,2,0,0,0,0,0
370.0,29.93333307161848,34.78911575361811,2.678224532003956,1.5680993830482923,1.625146712841311,59.84341532941429,75.05026204507126,21.74874347619244,14.9798911084634,60.0,53.0,1.1320754503381991,-0.6252684489348872,-0.4889507138551353,0.0833333333333333,2,1,0,0,0,0
371.0,98.51511418258666,99.48805157068976,5.54333743159131,1.79732557389132,1.953219904844382,43.13661742850778,59.21768408362637,14.10287717871279,7.577648772125648,26.0,33.0,0.7878787640036738,-0.5564501213240177,-0.413821186469641,0.3333333333333333,2,2,0,1,0,0
372.0,64.69019678274238,64.33649064512879,6.511748911313905,1.073933200270072,0.907582929135394,71.2380317513046,81.41969212866324,21.83301425054955,16.309264378861215,30.0,26.0,1.1538461094674572,-0.5567750126275691,-0.2614847643752355,0.0,1,0,0,0,0,1
376.0,51.81388083441136,44.98343024922417,5.583329205862644,1.4119672036118662,1.886732317960837,42.3113050137607,44.75929650620855,22.8319656590601,19.914850076787,44.0,4.0,10.999997250000687,-0.5116994936377912,-0.2375024192298552,0.9166666666666666,2,0,0,0,0,0
377.0,17.761573891812844,21.145179059860094,3.671844902249388,1.6342168184975143,1.515550370834889,99.73332835425116,115.76820968167728,12.741265869189483,9.881790901243908,1.0,9.0,0.1111110987654334,0.4762391797209085,0.6048850173487768,0.0,2,0,0,0,0,0
378.0,57.24371093684485,60.19868278255345,5.477989216636,1.2174533018513518,0.9952250486494436,73.37844976461517,82.23883711472354,13.508078601232445,10.695826242209035,34.0,23.0,1.4782608052930084,-0.4277862513153139,-0.1800310063554905,0.0,1,0,0,0,0,1
379.0,73.62771119883634,68.50756548893695,8.83757088252563,2.1016543072316582,3.326038581050629,95.2593906383656,90.26463091818196,3.700039811692031,1.150979385097176,5.0,9.0,0.5555554938271674,1.519297122593642,7.471066948702324,0.1944444444444444,2,2,0,0,0,2
380.0,61.971711756763625,56.47459479691055,4.107963499417567,1.8259666567355373,4.212265522700757,66.93525986010827,68.82177449737657,15.758114594516886,11.60148693626963,30.0,14.0,2.1428569897959293,-0.3298466415892694,0.7192392417852069,0.3888888888888889,2,0,0,0,1,0
381.0,32.42724438050002,16.963525689844083,4.279452978110887,0.9477316944756422,1.821170499802789,49.75323539416136,54.5816824080617,19.196479657681177,17.646274376257633,5.0,52.0,0.0961538443047337,-0.5320218706996083,-0.250824470199067,0.8611111111111112,2,0,0,0,0,0
382.0,58.28627312361008,60.42383071189796,4.490627527509802,0.7424114850415175,3.773951816260025,45.58933860254496,56.75697461101725,22.066707457474283,19.048933843680658,34.0,31.0,1.0967741581685757,0.5492259970792532,0.6056543724679401,0.5277777777777778,1,0,0,0,0,0
386.0,57.602035711268826,62.99950385124461,5.165029439592356,1.924538658966676,2.1455091831608604,66.72015373009376,87.73843189925663,16.345260957636622,9.506912548404788,31.0,56.0,0.5535714186862247,-0.4340821947988522,-0.2912372093905747,0.0,2,1,0,0,0,0
388.0,12.038988282447974,7.593612722229068,14.06851190161007,0.8439751522228892,1.566327749462846,153.16902748743462,163.0785415234074,13.83551173648845,11.268603585824165,5.0,11.0,0.4545454132231443,-0.0142332589265129,0.1317225728014961,0.0,2,0,0,0,1,0
389.0,27.23303576262954,21.746537850239463,3.9973381959450673,1.4790774872911785,2.4914424306732688,87.53397576278553,92.18841086299342,20.406036948230568,16.25496329931221,3.0,7.0,0.4285713673469475,-0.5228627421904692,-0.4042771938707953,0.0,2,1,0,0,0,0
390.0,48.97685888840088,77.48125012447343,1.3512865737516873,1.2400843104603412,2.223277734796464,87.56752195939382,116.60620717865989,13.884709796910371,4.9403285746472285,4.0,17.0,0.2352941038062291,0.0863822883893992,0.3780098302129127,0.0,1,0,0,0,2,0
391.0,0.6040362592484954,1.1507495061686868,1.7451108355940954,1.8013846489644634,1.5489500075374094,53.32800121919638,60.71487286834864,15.739215855491404,15.631229813868607,36.0,59.0,0.6101694811835682,0.4730273599505781,0.5094942984494047,1.0,2,0,0,0,0,0
392.0,113.41831041382892,118.36658587211288,10.13661332093182,1.6170287633743743,7.4057691855687136,28.369353725605897,34.132508202698496,25.72140314473156,15.727537331974744,23.0,1.0,22.999977000023,0.423688428421865,0.5528164192671097,0.5238095238095238,2,0,0,0,2,0
393.0,23.41699608281036,5.461693858556856,5.688610982490858,2.852389621535231,11.197055047306504,151.93024281560366,121.81668737409504,66.80140307887375,64.77365560832195,5.0,8.0,0.6249999218750099,-0.4283441043500053,0.1833475495413052,0.0,2,0,0,1,0,0
396.0,33.16244910233178,22.67621458329089,3.787985447116053,4.689415707059782,3.060643124196044,129.85706181782243,65.9614836300068,75.06571625229836,67.78285713684608,15.0,3.0,4.999998333333888,-0.1172057568856903,0.0119213358638389,0.0,0,1,2,0,0,0
397.0,74.09848271603892,38.86091441534836,5.617358528300282,2.214744528612784,3.3891018775037,113.20590969274888,57.16505222326376,68.20406454579089,56.89181782175957,3.0,22.0,0.1363636301652895,-0.2107201012084948,-0.1007215574166594,0.0,0,1,2,0,0,0
398.0,21.342343447478942,18.05108454796965,1.3328373432863023,2.259325018389026,2.4362789809224803,91.22568913150428,53.27706305206497,51.83292594745208,49.57840259811264,50.0,2.0,24.99998750000625,-0.2969300562186934,-0.2647577547228848,0.0,0,1,2,0,0,0
399.0,53.58770583355927,24.4935576343085,2.975986314853735,2.8273485076236837,4.40137804997098,124.42837092583493,61.89579750770852,72.11660447086307,63.093214585679625,1.0,24.0,0.0416666649305556,-0.1199093151586241,-0.0599958099394945,0.0,0,0,2,0,0,0
400.0,61.36610829777726,28.611992062338857,3.4063733945416623,2.401134198057912,2.3935327127639705,133.22514442061356,59.48226981824368,80.13032203681605,69.23968718895054,9.0,22.0,0.4090908904958686,-0.0760760864608528,0.0416678634602566,0.0,0,0,2,0,0,0
401.0,21.550547211668796,17.075339489533434,1.7029210819822602,3.2268985808987667,3.646717829102539,125.85797697159651,61.38930668760606,74.78814528832183,69.45832737308699,8.0,33.0,0.2424242350780535,-0.0814749997102765,-0.0063220230790856,0.0,0,0,2,1,0,0
402.0,56.67243100287404,27.818136375342306,3.617612446842786,4.804455593817275,3.209336486320117,131.23860918786636,61.961660733818505,79.0751675220513,71.31099125305249,22.0,2.0,10.99999450000275,-0.1281313550179305,-0.0551345857656639,0.0,0,0,2,1,0,0
403.0,67.02652837709807,70.17401766448347,19.753128317964684,4.726390230450647,10.387701375661988,103.86074550156818,13.81052522619513,174.40272498803628,141.82670726362426,27.0,6.0,4.4999992500001245,0.0414282101001903,0.583834993609653,0.0,0,0,2,1,0,0
404.0,49.21383240295016,22.039999598676445,14.696707431579911,5.770182410094408,2.9538902366433075,135.69829493432985,71.35929549445046,71.64609261010207,62.83706377254877,50.0,22.0,2.272727169421492,-0.1400527402548002,-0.0250481907152791,0.0,0,0,2,1,0,0
405.0,56.89670106104154,22.34962535127497,10.107091935644895,3.385432011939986,3.7450657116681754,146.73693061997488,116.19241878199466,34.983977622616656,6.764528237296839,12.0,8.0,1.4999998125000236,-0.1038155362048928,0.0302777979333821,0.0,0,0,2,0,0,0
406.0,29.4447036054799,26.44875918782062,1.8300360794984505,3.274745061462019,4.135764076532074,46.98975855539431,34.80946595951414,31.615264213951168,30.864605494518337,2.0,47.0,0.0425531905839746,-0.4168090009392558,-0.3824528994770478,0.9166666666666666,2,2,0,0,0,0
407.0,34.662502749745016,37.812224471003134,1.8358921922372249,1.883019394250627,1.52635094522174,40.71063940933642,35.89794796805569,30.76783649824624,29.541737240968544,40.0,51.0,0.7843137101114959,-0.4655726468644788,-0.4452965312861247,0.9444444444444444,2,2,0,0,0,0
408.0,41.67047215419901,35.88108701978777,2.133447137541813,0.840882842311416,2.645755675119664,49.119565753008885,33.71218509756675,37.69879710783145,36.070067264236776,4.0,38.0,0.1052631551246538,-0.4650959622188642,-0.4464086466853914,0.7777777777777778,2,2,0,0,0,0
409.0,30.653567236735803,32.070302108292694,2.7751124227106385,1.0688676854712622,2.752000098777535,72.50952866510114,45.1757521957292,46.295152151677925,43.88970212848509,37.0,2.0,18.499990750004624,-0.3994317492067187,-0.3512600232269958,0.0277777777777777,1,2,0,0,0,0
410.0,59.72700242032232,41.70642487149833,3.027139711782906,1.4784729892020956,2.7949644532846647,79.76362546343186,45.01030134700534,52.55356736112997,44.93417206984858,2.0,30.0,0.0666666644444445,-0.3536978051712679,-0.3036551571563636,0.0,1,1,0,0,0,0
411.0,78.82612094069889,21.18372366818579,12.321365451177511,6.920357375672357,8.930004029281156,145.0597824888302,72.6954076754045,51.904911955748815,9.628459882366064,3.0,10.0,0.299999970000003,-0.206431343630013,0.0290379584226254,0.0,1,1,0,0,0,0
412.0,47.01262598280008,36.64191905229805,2.336673811172228,1.9534255636765512,4.256852484967987,80.07058161987302,42.565772997422656,62.478618983094606,52.75904574624786,43.0,38.0,1.1315789175900286,-0.425742940792546,-0.3031351241715921,0.0,1,2,0,0,0,0
413.0,46.63116603493754,22.89312449945183,3.771593453653955,2.821734234826027,3.645652221328172,103.209067217127,47.37681891079351,75.28127756361208,64.78136350396903,35.0,34.0,1.0294117344290667,-0.3250273256733016,-0.2468469515513872,0.0,1,1,2,0,0,0
414.0,57.806196683417866,43.18926670184646,19.850124081156373,1.9490818237363303,5.062156476645794,133.59480110592563,114.4961960454598,34.57310476351424,19.692321726487208,8.0,8.0,0.9999998750000156,-0.301181969198611,-0.1581589818428815,0.0,0,1,0,0,0,0
415.0,34.63061260737082,30.250562082578213,1.3156749663513163,1.2500089628251168,2.327977245929904,59.28604659375179,50.049004629287495,31.714522794002026,29.522009486465198,1.0,25.0,0.0399999984,-0.5730482943897955,-0.5200488124627066,0.6111111111111112,2,2,0,0,0,0
416.0,26.131451029900767,23.98195099419613,2.118700359119781,1.8360597843466504,4.254304071134805,104.62860889118444,52.1406609267488,80.71269789453008,64.22647861543051,60.0,4.0,14.999996250000937,-0.2420038209247188,-0.1390343773703771,0.0,0,1,2,0,0,0
417.0,57.755857557074975,25.151786458657867,3.021264170714631,4.464516216274758,7.510318874426523,104.6414270091514,64.18906245797335,66.05726663268379,48.10013432931069,2.0,31.0,0.0645161269510926,-0.2659437651445139,-0.2228395156242108,0.0,0,1,1,0,0,0
418.0,59.28694324631505,15.805878287684097,4.197473340749402,2.393133666644394,4.911371821126096,124.94540871650386,70.37511395119233,63.8569793126972,44.392917364260526,10.0,26.0,0.3846153698224858,-0.2166841698216705,-0.1595266726977248,0.0,0,1,2,0,0,0
419.0,29.09063851246401,19.40092881581924,1.9819368417519143,3.795645777272501,3.8571378649380494,129.1176016371278,81.66872399027457,55.24552611225847,48.86208989317052,46.0,42.0,1.0952380691609984,-0.1535172889426785,-0.1086748336717915,0.0,0,0,1,0,0,0
420.0,47.34853593953487,29.11739977625309,1.6531949998382238,2.7973383661511737,5.285032515077472,107.59335911623364,63.507860798067824,59.94828470001123,53.28656700151358,60.0,31.0,1.9354838085327803,-0.2874785923376872,-0.2153553784871731,0.0,0,1,1,0,0,0
421.0,55.41468228112025,34.734557972253725,1.3802347682076457,3.426464672629696,2.421801651184282,104.60423697441313,65.9346203016636,60.08586010331248,47.205322134621696,4.0,24.0,0.1666666597222225,-0.2985641773758068,-0.1914858140851675,0.0,0,1,1,0,0,0
422.0,45.84804359291314,30.00343028892576,1.4983039769502815,4.741935542405429,4.62548222704765,112.0027130287973,69.63514957922703,57.88965764644763,51.01366387010363,49.0,33.0,1.4848484398530777,-0.2693612539498419,-0.157687501986768,0.0,0,1,2,0,0,0
423.0,16.435820652810406,8.05420795379294,1.0353863904682974,1.1405374565463062,2.042435152558284,113.07455700244124,78.24214736021135,48.95409291222116,44.73981682763646,3.0,47.0,0.063829785875962,-0.3668654333999449,-0.3350841789688411,0.0,0,1,1,0,0,0
424.0,36.3010371807095,9.779621187599702,23.048399247996876,6.3024538205419525,9.52742700757202,150.59879983961088,129.65610842036193,68.75878694813956,32.974999127565134,3.0,9.0,0.3333332962963004,0.0015349252430295,0.6376304611375226,0.0,0,1,0,0,0,0
425.0,9.634209864991677,16.631303034290852,2.8935247219831832,1.659343968421585,4.94404784275436,128.1015221556856,68.60223734826286,99.11217251516044,98.0478537983378,7.0,26.0,0.26923075887574,0.3564611527758493,0.632677624903417,1.0,0,1,0,0,0,0
426.0,19.35788798267072,20.28861892548225,1.3293575813680512,0.5608935777462518,1.4921595579515925,95.11294084969472,74.82499804773748,37.67803881308102,37.03496695414859,53.0,4.0,13.249996687500827,-0.425653068660642,-0.3412253150922201,0.0,1,2,0,0,0,0
427.0,36.54784354320762,29.68413385107461,1.7401349016619645,0.7724462933709553,2.606570473492484,85.70691235072614,58.800592121854976,46.76480111341186,42.98950430139122,2.0,39.0,0.0512820499671269,-0.461436718646411,-0.3869728582150175,0.0,1,1,0,0,0,0
428.0,36.03799888567458,53.465747761544506,1.8321182979512312,1.998886129299736,2.11709812818026,81.39952060981956,61.95874781150157,47.32674652771122,40.40503493120265,28.0,2.0,13.9999930000035,-0.4278298116101482,-0.2571195581763071,0.0,1,1,0,0,0,0
429.0,41.04255765809778,40.8387258341499,2.4796082603150755,1.9029211158935644,4.063284212694259,90.5775807513888,64.05427117613183,46.55612148667799,42.14700922368316,36.0,2.0,17.9999910000045,-0.4275630359534529,-0.3188169125694802,0.0,1,0,0,0,0,0
430.0,51.2238020919155,43.76387416268816,3.939582167367584,1.63025353201711,2.452494873501089,85.51996521642744,62.49633771213888,40.84245200944372,36.920600720429285,33.0,31.0,1.0645160946930292,-0.3952883142374311,-0.294120061536016,0.0,1,1,0,0,0,0
431.0,44.88003846489645,32.26183778904523,2.346955928585914,2.002582184000783,2.031594607923587,86.00827774232769,70.28035039232819,38.5513647087782,34.39218507250297,2.0,33.0,0.0606060587695133,-0.502443077677309,-0.3613682529819164,0.0,1,1,0,0,0,0
432.0,49.51401075217998,45.11429072346844,1.305126921041999,1.4846355990634348,1.1834385423850584,63.876382398446864,50.3165691322121,39.25740173936507,35.66962095963591,37.0,32.0,1.1562499638671888,-0.5285576467321954,-0.3490411901543466,0.3333333333333333,2,2,0,0,0,0
433.0,37.00646538154118,33.84097490922542,2.2527635976571974,1.4647321838979783,1.4402000178859218,66.3803628418379,51.91963511762663,37.51531561920085,36.2777648418438,36.0,1.0,35.999964000036,-0.575940214027569,-0.5556360641218749,0.2777777777777778,2,2,0,0,0,0
434.0,43.53995908119572,35.545302945247926,0.6519956077977337,1.1946726761422295,1.526376016271256,63.64398546932343,49.287355130727406,35.99570659942597,33.175174286906866,38.0,4.0,9.499997625000594,-0.5934205381182724,-0.5030665523723562,0.6111111111111112,2,2,0,0,0,0
435.0,27.40817572294712,15.95950705996502,2.511121344317221,1.1550538912383357,1.6069001488094412,109.00600177719552,64.1906912192111,63.55603880769496,56.40807215916376,2.0,22.0,0.0909090867768596,-0.3927065711920118,-0.3358256429918353,0.0,0,2,2,0,0,0
436.0,7.1736853338668425,13.794288314065083,5.882095151072119,1.5646225246609948,2.44435314069566,114.51201799076463,74.30587798322588,60.97407621470993,56.55124532726296,60.0,2.0,29.9999850000075,-0.3355871273349214,-0.2537830370257031,0.0,0,2,2,0,0,0
437.0,37.82480397721477,16.512639981541355,5.6970248620983845,2.514029995297463,2.5220348353794337,118.16534926456126,80.84504562235885,59.12785955112544,41.41026131923413,2.0,37.0,0.0540540525931337,-0.3643676463328286,-0.2623731301143593,0.0,0,2,1,0,1,0
438.0,10.56247143025628,49.50765692228964,2.4649328236706123,6.010390052623266,12.086955365582394,63.995950399670406,76.74581784129337,53.37706447184663,51.0123634630855,9.0,9.0,0.9999998888889012,-0.319392460070281,-0.2859709891070264,0.0,0,2,1,0,0,0
439.0,21.069037572863834,5.570768524208688,3.501075616412436,1.172273551282651,0.5941139384403521,129.18356937889746,97.62504885894248,45.74125338632731,38.14734668099798,46.0,2.0,22.99998850000575,-0.269198113574542,-0.2338484954460766,0.0,0,2,0,0,0,0
440.0,13.03588274498044,8.630001542129946,3.008119888894782,1.6223747712216805,2.0728557509595302,126.55531865766328,91.94321691417296,46.74594586863198,43.9668870893906,35.0,57.0,0.6140350769467531,-0.2573250295005106,-0.2218997263726327,0.0,0,2,0,0,0,0
441.0,25.052165393894555,5.228820027431482,5.466281718086891,0.8831145061313131,1.4714978561416057,126.69337923650689,73.38332775610812,62.93748066861902,56.96512881904701,14.0,5.0,2.799999440000112,-0.2292688969907419,-0.206719916905517,0.0,0,2,2,0,0,0
442.0,23.578432363179104,9.527474947820323,2.9990200111688083,0.8746231486976596,1.4706816925028487,120.52072422937864,77.78975534319797,56.95555341903276,50.67729458590254,41.0,35.0,1.171428537959185,-0.299375571437493,-0.2514158159999948,0.0,0,2,1,0,0,0
443.0,33.45330392249136,25.65138349106448,14.99848698033221,3.374440952192471,5.006377197557165,145.1130068091604,123.94222199827276,30.49588176560981,25.36367186659832,7.0,0.0,,-0.138393681493688,-0.0536168490966476,0.0,0,2,1,0,0,0
444.0,32.69195592784962,24.4561558181116,3.924068057730535,1.6580276872351072,2.420993973902999,111.78691208779207,82.64016117746644,54.11641796129247,42.89265826775656,43.0,34.0,1.2647058451557105,-0.3864534180634318,-0.2598624076024421,0.0,0,1,0,0,0,0
445.0,34.91249327726885,15.329475381226075,2.8486373259086566,2.366437993710686,1.8848109690139216,107.21057461917172,83.38297116206462,48.60841757233205,37.32458890678729,2.0,48.0,0.0416666657986111,-0.423668603016487,-0.3233280168843573,0.0,1,2,0,0,0,0
446.0,53.83863747126888,32.48595337355681,15.275096686557148,2.165033199058706,3.706717052248194,120.02260458696054,62.6219422864316,68.71898552273522,59.335022659848015,19.0,22.0,0.863636324380167,-0.1952015773816313,-0.0787166818925858,0.0,0,0,2,2,0,1
447.0,64.54652452536097,24.722275093420905,19.29831168328732,2.507117169202429,4.015534634359855,130.53901168426947,68.5270114982885,71.89399043138543,55.25827045101203,20.0,29.0,0.689655148632581,-0.1624974505661763,-0.0649087523432949,0.0,0,1,2,1,0,0
448.0,56.00361829249219,41.60464729767682,9.387263243687832,2.2247533634375585,3.038634195633202,123.01051474987352,68.36360019909732,71.74548462572047,58.62074371343552,32.0,35.0,0.9142856881632662,-0.2052364199861941,-0.0388735605640699,0.0,0,2,2,2,0,0
449.0,76.69058588170988,47.68413770004349,19.439473395089777,1.9847219424530385,3.107527088037507,108.952786013139,63.091681378754615,62.95724984384982,49.71285524538643,22.0,36.0,0.611111094135803,-0.2989063733343136,-0.1160764486553946,0.0,0,2,2,1,0,0
450.0,19.592649465841376,21.12918363606761,2.0856377931056422,1.5792383717932337,2.432748196002679,117.67201326495824,79.39485892975802,62.071493846257226,52.48541478994692,27.0,1.0,26.999973000027,-0.284171586817207,-0.1864202649167588,0.0,1,0,0,1,0,0
451.0,68.6303705014758,41.08612689836791,6.877067984081807,1.778142308828543,2.825209603656004,106.37115603207214,80.43492786826297,46.56336112615138,35.7877415356143,18.0,31.0,0.5806451425598341,-0.4074398305759774,-0.1943539338199063,0.0,1,2,0,2,0,0
452.0,98.73332338943034,68.76149381166238,13.040862985680524,2.9520864669266365,2.9482450463474863,103.84976589044948,71.5151888744658,51.50946197030676,38.383158682575896,14.0,5.0,2.799999440000112,-0.3954157231066703,-0.2191145153720825,0.0,1,2,1,2,0,0
453.0,103.33342744731956,62.96393561826464,16.201155280942647,2.026547959988976,2.4061363450494,92.5093384074558,67.96909426534448,48.57525195632865,33.958791458619416,16.0,45.0,0.3555555476543212,-0.4240631263684642,-0.2909222890264307,0.0,1,1,0,1,0,0
454.0,87.06772043639364,58.60617421236135,14.73096313954452,1.4206961214408846,1.4527930013803034,87.48067472324784,66.76095060808044,45.89340202501823,33.10073329382545,2.0,26.0,0.0769230739644971,-0.4727119562048857,-0.298980791512588,0.0,1,2,0,2,0,0
455.0,101.87572934204258,64.53108051004757,11.701429004126265,1.7063610232566622,1.8453003728692268,78.5384827628509,58.96383366036028,45.16412224388915,32.624937578132936,16.0,37.0,0.4324324207450697,-0.4650578297665707,-0.4186204647762261,0.0,1,2,0,1,0,0
456.0,59.48433001160339,54.02485470353197,15.954453370367457,1.6523798628204394,5.381229536926631,101.2152615339946,88.41877962535372,34.626866426141376,28.802795566227555,27.0,17.0,1.5882352006920468,-0.3920141780886094,-0.0929754018917015,0.0,1,0,0,1,0,0
457.0,73.286536041749,68.17974861372586,15.428510363002545,2.65298154379863,7.304765674471984,96.78968045030692,85.84407006532442,35.492680773757534,27.1328874607501,22.0,18.0,1.2222221543209917,-0.3847966798609903,-0.1062097187937922,0.0,1,0,0,2,0,0
459.0,86.64842723904204,74.45534802927519,21.66511015521777,2.2987801081245136,3.497789973178268,82.24334338315326,63.13962188871315,47.98571907731208,37.34470517303773,24.0,28.0,0.8571428265306134,-0.4696664074502411,-0.1244711803912504,0.0,1,1,1,2,0,0
460.0,81.56258636799029,69.70871896237695,14.988575301717905,1.4136029171014908,4.906331284614351,76.57396453937072,60.86933297654579,43.78869580887679,35.01831115396555,29.0,22.0,1.3181817582644657,-0.4810833675652167,-0.1597275693532951,0.0,2,1,0,1,0,0
461.0,69.19783847606824,62.24943042873469,15.99067160991002,1.9471843482862832,2.943877510071608,89.52776125506097,77.98989706718096,37.58671923839595,31.63920840274522,26.0,23.0,1.1304347334593594,-0.4393558158650658,-0.1992031708700836,0.0,1,0,0,2,0,0
462.0,70.48167406603052,75.33516824489936,19.66238547346737,2.129440730046393,2.9335495386771098,82.27362957109793,69.7050846230541,36.59762317885525,31.485884078366794,22.0,23.0,0.9565216975425348,-0.4239220862908559,-0.0454914327075125,0.0,2,0,0,2,0,0
463.0,100.36804176662936,87.29529305995678,19.505005862573714,2.22666925898194,3.501824042882318,78.07886821756338,60.321306538175165,39.89119796068691,32.1774791607188,22.0,23.0,0.9565216975425348,-0.403129465764901,-0.1147697239212697,0.0,2,1,0,2,0,0
464.0,98.6545152242954,92.02815760475389,14.23228332701305,1.9439367001199104,3.781553074618296,64.16550138279797,53.93400226256124,36.82103220662201,28.2478262361132,27.0,22.0,1.227272671487606,-0.4970308373354863,-0.1802483548086647,0.25,2,2,0,2,0,0
465.0,106.516330052262,99.0346142710821,15.373849206828664,1.8584008027067924,2.972766129983057,67.64876306440071,51.54028300118763,38.641328447524856,31.073407804677878,22.0,24.0,0.9166666284722238,-0.4462323991680528,-0.1545602400065049,0.1666666666666666,2,1,0,2,0,0
466.0,85.90366190766123,98.1060814368261,19.94019374973985,2.5983275988868506,3.4532110598675687,62.7485466811754,46.547601923155085,44.3545876763624,37.94351670453575,33.0,28.0,1.1785713864795933,-0.393052136405749,-0.1071098016479058,0.1666666666666666,2,2,0,2,0,0
467.0,82.46004102605923,78.65416478692539,19.77895386984913,1.9542711746141777,1.5800742535005692,62.69770241892017,43.94009206233793,45.95670337503541,38.08575326932112,23.0,22.0,1.0454544979338865,-0.4609648078047691,-0.1399680165657423,0.2,2,2,0,2,0,0
468.0,95.72828440302484,88.03068573393746,10.54886396873842,1.176197505825796,4.874036346106034,60.326181897998126,43.964960793983565,44.30797892531667,36.39171904910407,34.0,24.0,1.4166666076388912,-0.4763775607212679,-0.2537719927043179,0.2777777777777778,2,2,0,1,0,0
470.0,93.27324952410082,88.8407156916043,19.017778136957265,1.647558994126309,3.334737946528139,63.73038127321301,46.06385699830069,43.38733419882466,34.51826011616612,26.0,23.0,1.1304347334593594,-0.4442799304918398,-0.1654657996001131,0.2222222222222222,2,2,0,1,0,0
471.0,84.86487245008233,87.60742289755986,19.975138537218157,1.7412916979906254,3.0591879334694405,69.34437424687555,56.4162792827053,37.37931895280952,32.31903000430855,23.0,22.0,1.0454544979338865,-0.4636198113762929,-0.1676874932671025,0.0833333333333333,2,2,0,1,0,0
472.0,110.3855767512952,101.3112095748904,19.738011128330665,1.9024820807701024,5.221643564606517,59.58166272409849,44.88619400314091,38.58050292649333,30.559270853630508,26.0,20.0,1.299999935000003,-0.4441434121348837,-0.1532717752830263,0.25,2,2,0,2,0,0
473.0,108.9441236274817,97.71967176311094,18.003348254501617,2.772323656646664,2.149220873443432,70.83184647403758,52.27887003690461,40.86320986991975,30.697271454909203,23.0,21.0,1.0952380430839026,-0.456477991012058,-0.0965317931065243,0.1944444444444444,2,1,0,2,0,0
474.0,99.18024850477498,89.6537444496754,13.612771518057462,2.0520076859419225,5.1458557395532205,73.49201115682087,56.1503757105787,36.82472111503417,29.478697544845904,23.0,21.0,1.0952380430839026,-0.4341213881116465,-0.1211358570252858,0.1944444444444444,2,2,0,2,0,0
475.0,64.70381321979463,54.44894665179402,2.6810878611179194,2.021010581753698,5.122129854885251,74.02341282294367,61.80215293183903,34.52011657720222,30.501297031303896,34.0,29.0,1.1724137526753875,-0.4884215870590267,-0.2929766491272496,0.0,2,1,0,1,0,0
476.0,91.10053081318804,53.93891765133221,16.35951284085406,2.8823395414876067,2.3424403749124547,101.7686709977372,55.99767322600822,63.54542589843504,47.05747708895757,24.0,22.0,1.090909041322316,-0.3007983853037732,-0.0006243587619681,0.0,1,1,2,1,0,0
477.0,89.37170972804708,46.57708860288358,33.4350501572663,5.319189019745233,10.318861546589805,89.12110980474739,21.163564286361822,171.7181811314861,162.7407141843502,20.0,20.0,0.9999999500000024,0.0188367124278917,0.4502384233123113,0.0833333333333333,1,1,2,2,0,0
478.0,73.56505422458079,54.74713998938594,14.143333414640844,2.7900678655079,3.529036918199214,101.7304692814632,65.98061451956812,54.268430053999495,42.07892889968273,25.0,20.0,1.249999937500003,-0.3578305918047146,-0.1146021461096731,0.0,1,1,2,1,0,0
479.0,84.23549723954945,59.48036128004594,14.752034647534789,2.5420351542739343,3.0140182973461718,93.20420619638162,58.840857473841865,54.26627352830344,43.11330370313575,34.0,15.0,2.2666665155555656,-0.3940318923128267,-0.0956847584530607,0.0,1,1,2,1,0,0
480.0,91.05158992501684,69.46937084549322,24.940330317708785,3.1240257822963438,2.6142694274834253,93.5547321072756,55.563134076590345,59.03346225558669,45.73196725397297,23.0,21.0,1.0952380430839026,-0.3169748458032225,-0.0731312475795573,0.0,1,1,1,2,0,0
481.0,79.8258758912377,81.37335968772616,21.392928968841872,3.0140177359528497,3.800897766299662,78.0967139846857,48.65567014586559,54.28184947617598,46.84820801796033,28.0,27.0,1.0370369986282593,-0.4016126232266139,-0.0425191042523242,0.0277777777777777,1,2,1,1,0,0
482.0,93.39393467978742,77.87710356968022,19.97394091463125,2.526491753088612,3.9009511635765945,77.41594434620204,42.12880327579337,53.22651130852949,44.68958908764252,29.0,19.0,1.5263157091412785,-0.4280058681007013,-0.1242986453499998,0.0555555555555555,2,2,1,2,0,0
483.0,94.07095963129618,77.70240302621943,22.601267911087557,2.0821608988954297,3.161369463817147,85.36597798726694,61.48219715238985,45.04373714124817,33.88078003261739,33.0,18.0,1.833333231481487,-0.3771800439521316,-0.0932521045123837,0.0,1,1,0,1,0,0
484.0,122.21094280442956,102.18888197271988,15.999954230357206,1.7998147833089309,5.082461757934774,69.51468251306743,50.38279487404992,112.32509500000808,32.08712615210134,11.0,21.0,0.5238094988662143,-0.702412886060861,-0.1056733527792212,0.1111111111111111,1,1,0,2,0,0
485.0,113.09370472849643,89.7705534983856,15.992808682350274,2.234712743404522,6.550147629376418,88.48737233233837,61.23264785656352,50.86638176863709,32.23531090156944,12.0,18.0,0.6666666296296316,-0.4094891058926154,0.0203466582497764,0.0,1,0,2,2,0,0
486.0,83.86853881213828,72.25966219871074,8.69151921060134,1.5730115894076266,7.303407353675791,84.606166205481,68.08726518675037,38.760135932579054,30.90272569888288,25.0,2.0,12.499993750003124,-0.5924753548705266,-0.2458996684864979,0.0,1,2,0,2,0,0
487.0,121.81169954733885,108.70605357284366,14.110435861793874,1.8722553806942044,5.4365253210641615,60.455457498247696,42.09864259640477,39.80119416421872,33.20678440946222,23.0,49.0,0.4693877455226991,-0.5410406066228046,-0.1604510730744634,0.2222222222222222,2,2,0,2,0,0
488.0,123.21588787936584,102.83225106827815,10.612920167741182,2.754821143614592,4.890146291625272,68.23258516757582,52.36526713551437,43.53202396577177,28.930205442427518,21.0,47.0,0.446808501131734,-0.5399171559490585,-0.1610980055426853,0.0555555555555555,2,2,0,2,0,0
489.0,116.37153092144496,76.44154430897464,14.586848017148968,1.4167557568080955,1.9989132811795252,64.0600446306303,52.55273444701626,35.91584582629153,27.958790986718935,15.0,27.0,0.5555555349794246,-0.5698825764824212,-0.3457123623576196,0.2727272727272727,2,2,0,2,0,0
490.0,125.4391864466306,107.48792784118709,11.249194076278958,2.459636964647538,3.923748089255384,62.834206835977554,47.98263092225248,42.41292724257372,28.517701877779015,21.0,25.0,0.8399999664000013,-0.5415491483301843,-0.301744121033206,0.1666666666666666,2,2,0,2,0,0
491.0,127.0287607479633,93.93301804303114,10.4831937657212,1.661050963625872,2.291519761243381,69.60397044446007,52.43718857934768,40.77485099336791,27.4818320708126,17.0,28.0,0.6071428354591845,-0.4991758149409242,-0.2780003261543923,0.1428571428571428,2,2,0,2,0,0
492.0,118.49265758524766,98.2966347177749,8.330013538169258,1.45923265644791,3.093578648487843,61.25338111183457,47.55988461947609,38.75182738925508,27.33336310872189,15.0,33.0,0.4545454407713503,-0.5382348946793543,-0.3161206774696919,0.25,2,1,0,2,0,0
493.0,129.83214664070465,87.167412082882,9.77677707999436,3.2892288755374497,5.830007335759607,56.102041547933325,49.47579703972237,38.36290052200993,25.887851186036567,9.0,25.0,0.3599999856000005,-0.9998704409331176,-0.3706391823414079,0.3,2,2,0,2,0,0
494.0,118.1507538003685,100.65010376803728,5.42802979196058,1.8749521983272923,3.14002656851702,71.20010857185947,53.10002724673856,37.38413446105735,26.422540546428067,16.0,33.0,0.484848470156107,-0.5012788253003329,-0.23800398248041,0.1666666666666666,2,1,0,2,0,0
495.0,111.86726560077544,61.532108771513975,14.344709444734384,3.18728185981044,4.9179997444379735,69.53818391391363,55.47853740555028,41.96417745739936,33.04253873654367,13.0,16.0,0.8124999492187531,-0.5492218855916531,-0.4064785407248044,0.0333333333333333,2,0,0,2,0,0
496.0,76.50996191959682,54.41775347087365,13.12404207645334,2.380574098136289,2.676278163824188,80.56132692422081,78.1189267257265,36.55217578539333,31.610025630603012,21.0,37.0,0.567567552227904,-0.7511868583741526,-0.5641957959974586,0.0,1,0,0,0,1,2
497.0,76.39985510813747,42.671196353951416,20.452712138891417,3.3680354439543927,2.567844623297709,102.73392754112754,94.87222930716896,39.45233974170146,29.667807267098677,14.0,24.0,0.5833333090277788,-0.5417721521747129,-0.4328102759483973,0.0,0,0,0,0,1,2
498.0,100.82127852053968,85.67874818435806,11.686433656209324,1.495317872267344,3.061490057064689,49.63780468858428,45.65026758547462,32.11006406676219,27.679243206149863,22.0,34.0,0.6470588044982705,-0.6581702985813117,-0.4109048635420959,0.4444444444444444,2,1,0,0,0,2
499.0,99.213323966385,32.76819571296488,2.4959410440851504,4.837189024968772,9.36117914473513,131.44328463389357,33.47575738324072,112.24555555558564,90.6329074243165,0.0,5.0,0.0,-0.6632901103244045,0.2886297253376602,0.5384615384615384,1,0,0,0,0,2
500.0,76.06534958732009,31.41974198213694,10.082167806526892,1.4402680070102751,2.579978594957493,108.84199577983392,97.10131897400778,36.21215648640746,26.905700659349545,12.0,18.0,0.6666666296296316,-0.4887328897098549,-0.31861209941341,0.0,1,0,0,0,0,2
501.0,37.26126154258051,40.35120161158653,2.8122293820663864,1.6239803263892625,3.2181046645042617,137.34790491802357,140.09126660556362,12.655802607450404,10.148315971463688,4.0,4.0,0.9999997500000624,-0.0779028337405081,0.9820276001717976,0.0952380952380952,0,1,0,0,0,2
503.0,37.05577403914805,41.508630802673736,7.217294758007582,1.0718730828100953,1.6284579733588036,83.51280017836245,71.03802934111278,41.68964470900357,36.33825380324267,1.0,40.0,0.024999999375,-0.6416761211074589,-0.4653430180692818,0.0,1,0,0,0,0,2
504.0,94.80371066268587,27.90984347486767,3.99838654015543,3.206702787875309,7.433640805265743,135.17056822899855,28.387116107770744,121.4354249211956,113.62853692183958,10.0,3.0,3.3333322222225923,-0.1502050429393695,0.4129959895932452,0.2307692307692307,1,0,0,0,0,2
505.0,117.6290358477274,114.96574438754764,13.998253890851805,3.843745320676844,5.95384515225004,49.18161198285976,34.73361453720323,118.54445275881665,113.566100699449,8.0,3.0,2.666665777778074,-1.2767364553366052,0.9557277649420348,0.75,1,0,0,1,0,2
506.0,82.70280029162423,35.01960206667229,16.625539769365922,1.6323261304465853,3.4004719523305584,117.6787136300566,69.49405082470055,58.9866098157472,49.83168143738816,20.0,29.0,0.689655148632581,-0.2780187780633578,-0.1966922109388603,0.0,0,1,2,0,0,2
507.0,26.600051516333423,14.36989366782285,18.184049435012017,8.82575859776059,11.655101548962996,146.7739760143984,150.82705997274306,19.995147561560863,5.876759568320335,0.0,15.0,0.0,-0.3448549363906317,-0.2886829516064435,0.0,0,0,2,0,0,2
508.0,3.857113022064226,5.111188587049753,2.1854542274846467,5.350543819262722,6.613200488248446,172.48654913868253,168.47661475783457,6.842253422720004,4.788725245167861,6.0,7.0,0.857142734693895,-0.0620693855483414,0.0007629081702457,0.0,0,0,2,0,0,2
509.0,44.7766550941881,25.51032499586965,3.093554549089871,2.7111787888013974,3.5806634252291087,102.38297763338804,55.83520128510709,76.57662282948114,69.88279665564589,4.0,33.0,0.1212121175390267,-0.4882385898530649,-0.3840251906214915,0.0,0,1,2,0,0,2
510.0,22.180237031286936,13.084912041582186,17.00467301395555,5.596671694075777,6.968442719101264,160.12929705291208,151.78015187119328,22.383915693576405,7.660752298354914,0.0,17.0,0.0,-0.0747924341070848,0.1048605478133365,0.0,0,0,1,0,0,2
511.0,8.59293826853478,10.31553468087995,18.97431344219533,5.301438329818211,10.44459474002504,138.0981923863942,112.8125069703382,40.98120677150677,37.719416224459465,1.0,8.0,0.1249999843750019,-0.2517340484047363,-0.2001400159782714,0.0,0,0,1,0,0,2
513.0,22.21211267605325,11.478257504533502,21.13912830917697,3.1857354112431624,6.86383817468426,145.1400731010853,89.67183452356657,72.02706828231355,63.80629206223136,6.0,0.0,,-0.1192610240673709,0.5666099777079328,0.0,0,1,2,0,0,2
514.0,43.33552888651852,29.00568004570198,9.87774845425209,1.2550369838793105,2.3724792610169905,113.6419229616655,77.0022141528525,60.816461803786176,55.51578266487695,3.0,26.0,0.1153846109467457,-0.4731014323154943,-0.2757706313615636,0.0,0,0,2,0,0,2
515.0,44.09018529985514,34.3496838024255,7.199505205195608,2.2670362733433724,1.7371578998001167,101.71882692810657,62.715872989118274,63.730208510082434,57.1812377195656,1.0,27.0,0.0370370356652949,-0.5186854772224517,-0.3110127613654956,0.0,0,0,2,0,0,2
516.0,102.52327638824056,64.25736723537091,17.3137744277421,1.9646735076343804,6.159213403317241,78.05064501502687,72.19018972892685,46.84789050720639,29.528200140296445,11.0,59.0,0.1864406748060902,-0.8131062541280513,-0.5626448718132555,0.0,1,0,0,0,2,2
517.0,94.19179275318774,56.01326944929824,23.989187419047457,1.8197933481818436,4.1178537403816655,67.55399045117778,57.83437159059983,50.68469687213632,39.287767258053606,18.0,57.0,0.3157894681440444,-0.7005444795403518,-0.631829029300255,0.0,1,0,0,0,1,2
518.0,15.07038019748228,22.936541949189262,7.174975735320902,7.486721259310491,8.362805399532263,135.14531955861966,159.87087649152534,14.218127448839684,12.345077917186492,3.0,10.0,0.299999970000003,-0.478777141918751,-0.275809328125695,0.0,1,1,0,0,2,2
519.0,46.7248767828528,27.10017586000204,40.82358400501402,2.6322637266127806,3.900163204284736,74.14347533129052,39.33748096914034,83.62654084642168,54.99409025784175,22.0,59.0,0.3728813496121805,-0.5324928244650021,-0.3890621936070847,0.0,1,2,0,0,2,2
520.0,108.17865523727734,101.02391126316876,14.78885305783935,3.515604310513824,7.689476895820917,71.71926369634853,64.29478737486379,45.06901337715295,26.432867393706967,8.0,59.0,0.1355932180407929,-0.8224311742658105,-0.1363546901305417,0.0,1,0,0,1,1,2
521.0,26.39122500225741,14.85238250431172,15.598453844518618,5.966482485862018,9.080853466752268,112.38312786370824,128.26274194052002,21.782498235401388,8.145988797961511,0.0,7.0,0.0,-0.6814928015876938,-0.5742835981518959,0.0,1,0,0,0,2,2
522.0,77.14931388597454,50.91639684803714,14.400243829612986,2.2039451106642054,2.3015245065803174,80.36253098398082,68.68731946865977,46.95578620869881,40.15971948663264,1.0,1.0,0.999999000001,-0.6998892841386974,-0.6163232314113168,0.0,1,0,0,0,2,2
523.0,46.39348673797898,14.7164056343737,20.719403794378405,6.412256842820356,8.543745562625617,93.17234084425836,42.92222802815315,79.32060654946093,54.5942048403492,9.0,1.0,8.999991000009,-0.5040756376116226,-0.4318543650627331,0.0,1,0,0,0,2,2
524.0,59.11103687455122,77.87499500346306,21.867398167532023,1.7076118622210208,4.022913699098793,95.62053711882533,111.37071024439844,20.565417614623133,12.707362635193372,8.0,8.0,0.9999998750000156,-0.8645590433494372,-0.161207876650165,0.0,1,1,0,0,1,2
525.0,64.2878441092374,37.63098470045768,9.417300669767354,0.6643160769549107,3.2028336156011394,68.45304625174654,54.833793174093486,42.31524906634783,36.81154206001993,23.0,47.0,0.4893616917157087,-0.5795844892545448,-0.3655324825072903,0.0,2,2,0,0,1,2
526.0,116.87921994010908,77.76924417472331,15.320261866915647,2.604733480127744,5.246574030247585,65.81221497763782,57.959252279542895,37.92014793604321,24.619563457694007,14.0,2.0,6.99999650000175,-0.8962724252976179,-0.5397065283642165,0.1388888888888889,1,1,0,0,2,2
527.0,35.05815418824536,23.85892967787875,11.978094458324032,8.153855173553126,11.264516621846052,91.2484242186114,36.22171577378685,88.52388319707732,61.78843858107789,2.0,15.0,0.133333324444445,-0.3727277561386,-0.1654821256078612,0.0,1,1,0,0,2,2
528.0,163.11030138844444,58.70683931761352,41.80950905752184,6.571421623589669,5.9819447911509736,116.86178831812884,6.0401135042535055,20.877512182909904,17.11683249047109,0.0,9.0,0.0,-0.3035530124551667,0.068889735967915,0.1111111111111111,1,2,0,0,1,2
529.0,119.20011006044254,81.65497066980097,17.786648866633083,3.1217769721516357,4.143830376543961,70.2512944503313,55.81323737905236,43.97448491338828,24.60680423247116,11.0,3.0,3.666665444444852,-0.8635268157389545,-0.4964851774947027,0.1111111111111111,1,1,0,0,2,2
530.0,129.877856414117,43.17555177040272,10.938997067590114,5.553479651501612,7.988267781892152,125.91789517934949,29.00228891952092,116.11426525604024,111.32023972935674,9.0,13.0,0.6923076390532585,-0.361682739940278,0.450686349220423,0.2592592592592592,1,2,0,0,2,2
531.0,51.89878000648474,40.82978078156465,1.5566112404229104,1.6045988471626311,4.54235766909851,69.41678793221666,59.95403279151076,44.21677994881712,38.29897006064305,21.0,1.0,20.999979000021003,-0.6103149945941932,-0.4643040938295184,0.0,1,2,0,0,2,2
532.0,38.77243517615061,32.80326997474222,3.4199196541324994,1.6381549235530866,2.704365596340156,71.03602802489837,58.07022197465233,40.54169454934145,36.12199701716288,2.0,44.0,0.0454545444214876,-0.4621232565128537,-0.2735418718833859,0.0,1,2,0,0,0,2
533.0,36.78742472026126,28.277051461020665,3.5929208656581952,1.1065674405042565,2.0870893798191963,76.55709873320738,67.88011838397014,39.227146941883376,34.467530560702606,1.0,34.0,0.0294117638408304,-0.5465689257037162,-0.4180844653617601,0.0,1,2,0,0,0,2
536.0,45.06505447471352,18.196017302498404,2.642250250671501,3.7832819543139617,10.178666368637307,146.34449904455911,124.83977537226431,46.50141011868821,36.27303051476802,9.0,14.0,0.6428570969387788,-0.2013208394928113,0.0326494687037456,0.0,0,0,0,0,2,0
537.0,50.91419238421517,42.429299876170205,5.395786446365422,1.7166290186898554,4.050661544084928,130.4847411619102,127.35946180493298,25.57229924390678,8.563773741607557,6.0,6.0,0.9999998333333612,-0.3283112811644982,-0.0872360695380474,0.0,0,0,0,0,1,0
538.0,54.18770501105988,26.005788107698635,6.163345045375745,2.584367917024994,2.9709662228749387,108.26557843945837,110.469252043849,28.10303532114349,18.53116047099685,17.0,2.0,8.499995750002125,-0.5228790724591134,-0.4002732185962414,0.0,0,0,0,0,2,0
539.0,17.111221859588866,14.2292259541599,5.2116342734000245,1.5006361103738572,1.517697443173292,87.66401063256156,83.59572124877604,31.20479192903068,29.51553966234298,2.0,23.0,0.0869565179584122,-0.6401346082938845,-0.5701230659784066,0.0,1,0,0,0,2,0
541.0,57.03787275655267,35.6436121263759,3.212789725200608,1.227362451977791,1.6038703705895236,79.95774959054302,87.3004857870387,18.48243053695428,16.275495468049485,24.0,5.0,4.799999040000192,-0.7818313409428314,-0.716650785140851,0.0,1,1,0,0,1,0
542.0,61.10825520497326,38.92765577102938,3.879151516574552,1.501976024568125,1.1087453809891317,68.02309255221456,67.83615078016643,28.92039734727828,22.99384558412396,2.0,48.0,0.0416666657986111,-0.8371520453164831,-0.6069418246203951,0.0277777777777777,2,1,0,0,1,0
543.0,32.72919524927339,29.79298832783934,2.412170009498545,1.4716114659518709,2.2405450672954728,78.13933353968059,73.5736118971289,30.645783369904212,28.30968027191312,9.0,1.0,8.999991000009,-0.7878011095320225,-0.6569294627409771,0.0,2,1,0,0,2,0
544.0,14.445661980618295,14.031536667034445,2.5977060427107257,2.236046106200108,2.4335742156552005,85.25233548790594,85.23940736592282,34.51379974818944,30.29824376582566,26.0,4.0,6.4999983750004064,-0.5990303727066553,-0.5134191253025221,0.0,1,0,0,0,1,0
545.0,58.1327339296198,20.346302041405664,8.33388475526339,1.6212936603651111,3.548056612782574,87.10351477221752,87.38524911803543,27.41119605131985,23.065117354207764,23.0,2.0,11.499994250002874,-0.634334095833462,-0.4550778356847964,0.0,1,0,0,0,2,0
546.0,22.532368988667574,24.273184734611064,1.7226609943011375,1.0413717868004218,1.7628863585116106,58.09466769355306,59.23896461595816,33.36786745380719,31.010039661118903,2.0,27.0,0.0740740713305899,-0.6508285990141639,-0.5998575553151269,0.1388888888888889,2,2,0,0,2,0
547.0,71.66243168871578,44.97693230266847,6.436619371964846,2.016355382819139,1.4168076324437828,67.33681581027236,66.62250336735768,29.22146848979587,24.989916840430983,3.0,9.0,0.3333332962963004,-0.8486344907637012,-0.7544336335990928,0.0,2,2,0,0,2,0
548.0,27.014461692511404,24.81087361728456,1.186150852350642,0.6765163534965815,1.5720720438119873,72.77227230735394,69.66979815575439,33.19150387284614,30.368170029160947,4.0,34.0,0.1176470553633219,-0.7021831422145288,-0.6319458901941863,0.0,2,2,0,0,2,0
549.0,75.92091827350735,36.104398351787154,9.426779500211495,1.9195963182209943,2.453731941419039,78.02217392622957,75.77296392473197,33.58926116143186,28.12656399357625,25.0,9.0,2.777777469135837,-0.6580668997038066,-0.5623848717802105,0.0,2,2,0,0,1,0
550.0,67.24692011747169,86.47513680395261,8.680972586546128,2.653607117876633,5.211070448824146,52.69841523595208,35.07248537787937,81.40713056652673,76.59016119935623,3.0,7.0,0.4285713673469475,0.0120666950195293,0.5643485570271015,0.2580645161290322,2,0,0,0,2,0
551.0,28.483402401224996,48.37885228914881,5.346214906478748,4.1088131978492815,11.526153180529484,122.57563697834424,149.11196214022698,29.307198176254136,19.607465625820574,9.0,5.0,1.799999640000072,-0.4542559705517856,0.063549676288576,0.0,0,2,0,0,2,0
552.0,21.49415620895894,10.183679442848955,12.264583557689058,1.8683877481210391,3.0296249176613066,100.0736970489265,94.69958434235294,31.58877124326151,27.84922311060322,6.0,11.0,0.5454544958677732,-0.5043808099392196,-0.482823303467894,0.0,0,2,0,0,2,0
553.0,87.40923595282268,42.86840759105256,7.191128826136773,0.940033086092716,1.3165675925181464,93.29791114843428,90.02300267002687,29.071885650647683,24.903163551920827,19.0,13.0,1.4615383491124347,-0.6717683237611232,-0.6099864176429263,0.0,1,2,0,0,1,0
554.0,53.47584990761463,31.66849055722864,2.853952302998199,1.2747285139742792,1.4757180372492344,90.3464197479407,88.34823549447576,27.167657561012827,24.596695606644506,1.0,24.0,0.0416666649305556,-0.6455682863610387,-0.4828356345549658,0.0,1,1,0,0,1,0
555.0,7.610024029256451,7.459560127836909,1.9883539243689132,1.2972993903813497,2.631154352892783,65.34516550509507,62.59721179204445,28.32171974183448,27.524690088749463,5.0,59.0,0.0847457612754955,-0.6775436288716687,-0.6378278318487834,0.1111111111111111,2,2,0,0,2,0
556.0,5.447507709991868,4.022910388083801,4.900664527647032,1.8237258601062605,3.868846110187474,169.1711464315052,173.54339727117767,9.452141172972192,5.341641365257406,0.0,10.0,0.0,-0.0285214766577828,0.10607926485619,0.0,1,1,0,0,2,0
557.0,39.31263012114042,63.22068872806727,10.016913158376838,3.2160939063047547,7.859735419978197,87.03718062530947,35.87944066758754,109.8653701821806,51.13144419522849,11.0,5.0,2.199999560000088,-0.5261870829559182,-0.3126192139600936,0.0,1,1,1,0,2,0
558.0,16.707611862357197,11.349508746222355,2.0812933636288022,0.4910503656996515,1.7925027265499678,99.87122601733702,65.39829194484301,53.06232357632373,49.98075364991425,5.0,59.0,0.0847457612754955,-0.4019999707726483,-0.3637868053465352,0.0,0,0,1,0,2,0
559.0,73.5742101350498,41.00071246803557,17.310791078604005,2.082060248575057,1.9452385992312529,129.4605354882898,93.05025040157084,52.31013137623956,48.64391574892573,1.0,9.0,0.1111110987654334,-0.1962121161383425,0.2741930420259123,0.0,0,1,1,0,2,0
560.0,75.49364429627106,27.39144916367077,2.037078914067297,0.6607306149124521,0.8632123316568943,102.58758499457984,74.2066874854474,49.298798994625805,46.594786352705256,17.0,59.0,0.2881355883366849,-0.4005716319101536,-0.3205108847087942,0.0,0,0,1,0,2,0
561.0,106.94777997086187,72.5387193916475,18.54599636832686,1.497562812402001,2.7182955881205806,92.20287774458072,67.28323846966441,47.33165340063652,31.89350630208542,1.0,23.0,0.0434782589792061,-0.5505090062269435,-0.3035397738096055,0.0,1,1,1,0,1,0
562.0,79.60323525666304,36.48645479750162,4.70307301727415,1.5376799809737385,5.962987698866384,115.5825093384738,83.45132439956923,53.96218064433014,44.83712712037629,9.0,8.0,1.1249998593750177,-0.3960986958416976,-0.3072882331151729,0.0,0,0,1,0,1,0
563.0,11.941662732485412,9.53250478094168,8.534715962580377,3.3922738721559877,3.670192669348209,166.31115722628076,163.16952859676212,5.237523515844799,1.7108136626484571,5.0,1.0,4.999995000005001,-0.0491193219517521,0.0013567650298037,0.0,0,0,1,0,1,0
564.0,105.5324800826213,49.28590830145045,16.222821726449904,2.8561913000892907,5.958532250976956,101.25012042103197,71.7683707666435,52.26837683287772,29.6233507859216,11.0,24.0,0.4583333142361119,-0.4444180599741685,-0.3082780379537573,0.0,0,0,0,0,1,0
565.0,91.56362679192372,60.89258241572327,14.259118951421462,2.331936968992473,6.9295719177566575,100.83094588919784,82.9650556939997,46.52239978940516,25.430600711411827,9.0,2.0,4.499997750001125,-0.615956105077059,-0.1916119991775825,0.0,1,1,0,0,1,0
566.0,31.448594308174226,76.09860909955408,12.219061951294112,4.942155638091559,2.332608237276996,92.45578444685442,83.40600852898856,60.45090742160369,44.61446254581598,5.0,8.0,0.6249999218750099,-0.2815368508070045,0.0640455113730965,0.0,1,1,0,0,2,2
567.0,12.98424618638468,12.027234964658504,3.0656534813279475,1.006093469236894,1.9051954190226728,88.515287554053,95.36751511410252,27.647774544673226,26.569869418839584,30.0,55.0,0.5454545355371903,-0.6751974804388868,-0.6141561919322297,0.0,1,0,0,0,2,2
568.0,37.3552783096084,69.44016369954309,5.400729127832681,2.6829553200417724,3.0576045157780123,102.34869256156487,103.2990410112094,66.16319246012533,44.5380238218559,19.0,8.0,2.374999703125037,-0.4267654084877905,0.0531293828059257,0.0,1,0,0,0,1,1
569.0,34.1333190782858,67.28565395748323,19.30304166381751,3.110502916395964,8.415641790089838,104.0346913435241,7.47069025153485,158.19211680485176,151.9755874756973,7.0,11.0,0.636363578512402,-0.1480660490744854,0.70446171712609,0.0526315789473684,2,0,0,0,2,1
570.0,55.91943137451209,31.08337315519799,6.074393169054302,1.4476270826782844,2.205590470315632,81.78549376618525,99.99932711664992,29.40091133883038,25.3670330286509,4.0,45.0,0.0888888869135803,-0.7949596152674387,-0.6224142175498613,0.0,1,0,0,0,1,1
571.0,3.924536711476378,5.940595201308298,11.480630553710649,0.2632302969531019,0.5051698960512472,164.6187963859549,117.47787141615012,67.19236918131979,65.52932506636728,9.0,6.0,1.4999997500000417,0.2589434361894205,0.3135726354800491,0.0,1,0,0,0,2,1
572.0,16.178482123355934,11.01656667451229,1.198925443110534,1.2669349393985845,0.988529761765534,82.06576044306999,91.77190860635044,27.63572298545613,26.64626426223912,19.0,41.0,0.4634146228435458,-0.8087271835190346,-0.7180443056047642,0.0,1,0,0,0,2,1
573.0,49.99932564943317,51.90651747632632,1.996289874647512,2.0429125884429675,2.804084514935293,71.21184708000646,60.50839836401085,29.029819967314097,27.67816304068109,18.0,31.0,0.5806451425598341,-0.523063255016906,-0.3448706056418879,0.1111111111111111,2,1,0,0,1,2
574.0,57.54257637060476,35.43115497656615,5.131311983371751,1.6480099125639358,2.2127045065100663,71.42708929965661,80.49006718088788,32.20207483758916,29.31406042081821,22.0,53.0,0.415094331790673,-0.7763490403357456,-0.645581393633605,0.0,2,0,0,0,1,1
575.0,9.5383016779042,18.68754268300657,8.37893866811432,0.4778533522052708,1.7909039860629394,153.7504026024896,168.25248275402464,3.893945337972304,1.708335427654489,8.0,11.0,0.7272726611570308,0.1827198250656199,0.4129973169460095,0.0,2,0,0,0,1,2
576.0,8.359052923181764,7.191789826471194,25.733534811025656,0.4757206242816645,1.7530213092893736,165.43142744553333,170.97763950299318,3.993115641457684,1.0970656049439638,7.0,2.0,3.499998250000875,0.1200255930533222,0.1838921895370407,0.0,0,0,0,0,2,1
577.0,97.32257634747728,122.61652459456424,11.432714797552226,4.830329003053428,17.55361310298143,28.823998217237037,22.916038603106323,73.24707138755112,53.53613602695074,7.0,8.0,0.8749998906250137,0.1234340281760204,1.6062579864194588,0.1111111111111111,0,0,0,0,1,1
578.0,12.876642816364956,18.515265645706226,2.438146054615085,3.4574567432192924,7.235564235769712,110.42879690074597,48.01522904108953,70.22305272647615,68.50313368399844,9.0,1.0,8.999991000009,-1.1679540966062112,0.2510315855524491,0.0,2,0,0,0,1,1
579.0,96.38964828490738,121.07902333362378,15.811922951094568,2.063656079859878,7.0594850398035165,41.89007695657919,14.427898681723672,150.18240580010658,98.45170399649088,8.0,7.0,1.14285697959186,-0.8551619303560384,-0.0841830711863503,0.2222222222222222,1,0,0,0,1,1
580.0,61.29142255686582,68.90407318644418,14.864160369820985,3.059663263234812,6.481536384430958,99.1265912657355,51.26737999389038,60.600551738277055,46.90492465992511,1.0,9.0,0.1111110987654334,-0.1990865467096402,0.2926974881282377,0.0,1,1,0,0,1,1
